<?xml version="1.0"?>
<?xml-model href="https://raw.githubusercontent.com/cligs/reference/61639b75deae2916eabeb036313dc8089da40e5e/tei/annotated/cligs_annotated.rnc" type="application/relax-ng-compact-syntax"?><TEI xmlns="http://www.tei-c.org/ns/1.0" xmlns:tei="http://www.tei-c.org/ns/1.0">
  <teiHeader>
        <fileDesc>
            <titleStmt>
                <title type="main">Il nido</title>
                <title type="short">Nido</title>
                <author>
                    <name type="full">Albertazzi, Adolfo</name>
                    <name type="short">Albertazzi</name>
                    <idno type="viaf">104161</idno>
                </author>
                <principal xml:id="uhk">Ulrike Henny-Krahmer</principal>
            </titleStmt>
            <extent>
                <measure unit="words">878</measure>
            </extent>
            <publicationStmt>
                <publisher>
                    <ref target="http://cligs.hypotheses.org/">CLiGS</ref>
                </publisher>
                <availability status="free">
                    <licence target="https://creativecommons.org/licenses/by-sa/4.0/">CC BY-SA
                        4.0</licence>
                </availability>
                <date>2017</date>
                <idno type="cligs">it0006</idno>
                <idno type="url"/>
            </publicationStmt>
            <sourceDesc>
                <bibl type="digital-source"> "Il nido." <seg rend="italic">Il diavolo nell'ampolla.
                        Novelle.</seg> Project Gutenberg, <idno>38637</idno>, <date when="2012-01-21">January 21, 2012</date>, <ref target="http://www.gutenberg.org/ebooks/38637">http://www.gutenberg.org/ebooks/38637</ref>. </bibl>
                <bibl type="print-source"> "Il nido." <seg rend="italic">Il diavolo nell'ampolla.
                        Novelle.</seg> Milano: Fratelli Treves, Editori. <date when="1918">1918</date>. Secondo migliaio. </bibl>
            </sourceDesc>
        </fileDesc>
        <encodingDesc>
            <p/>
        </encodingDesc>
        <profileDesc>
            <abstract>
                <p/>
            </abstract>
            <textClass>
                <keywords scheme="keywords.csv">
                    <term type="author-gender">male</term>
                    <term type="author-continent">Europe</term>
                    <term type="author-country">Italy</term>
                    <term type="language">Italian</term>

                    <term type="form">prose</term>
                    <term type="supergenre">narrative</term>
                    <term type="genre">short story</term>
                    <term type="genre-title">novella</term>
                </keywords>
            </textClass>
        </profileDesc>
        <revisionDesc>
            <change when="2017-11-11" who="#uhk">Initial TEI version.</change>
        </revisionDesc>
    </teiHeader>
  <text>
    <body>
      <div xml:id="it0006_d1"><ab><s><w form="Mai" lemma="mai" tag="RG" wnsyn="00020759-r" wnlex="adv.all">Mai</w><w form="più" lemma="più" tag="RG" wnsyn="00040365-r" wnlex="adv.all">più</w><w form="splendido" lemma="splendido" tag="AQ0MS00" wnsyn="00625774-a" wnlex="adj.all">splendido</w><w form="cielo" lemma="cielo" tag="NCMS000" wnsyn="09436708-n" wnlex="noun.object">cielo</w><w form=";" lemma=";" tag="Fx" wnsyn="xxx" wnlex="xxx">;</w><w form="mai" lemma="mai" tag="RG" wnsyn="00020759-r" wnlex="adv.all">mai</w><w form="aria" lemma="aria" tag="NCFS000" wnsyn="04679738-n" wnlex="noun.attribute">aria</w><w form="più" lemma="più" tag="RG" wnsyn="00040365-r" wnlex="adv.all">più</w><w form="olente" lemma="olente" tag="AQ0CS00" wnsyn="xxx" wnlex="xxx">olente</w><w form="e" lemma="e" tag="CC" wnsyn="xxx" wnlex="xxx">e</w><w form="queta" lemma="queta" tag="AQ0FS00" wnsyn="xxx" wnlex="xxx">queta</w><w form="...." lemma="...." tag="Fz" wnsyn="xxx" wnlex="xxx">....</w><w form="E" lemma="e" tag="NP00000" wnsyn="06841873-n" wnlex="noun.communication">E</w><w form="soli" lemma="sole" tag="NCMP000" wnsyn="09450163-n" wnlex="noun.object">soli</w><w form="lor" lemma="lor" tag="AQ0CN00" wnsyn="xxx" wnlex="xxx">lor</w><w form="due" lemma="2" tag="Zd" wnsyn="xxx" wnlex="xxx">due</w><w form="andavano" lemma="andare" tag="VMII3P0" wnsyn="01992503-v" wnlex="verb.motion">andavano</w><w form="per" lemma="per" tag="SPS00" wnsyn="xxx" wnlex="xxx">per</w><w form="l" lemma="l" tag="NCMN000" wnsyn="13624190-n" wnlex="noun.quantity">l</w><w form="’" lemma="’" tag="Frc" wnsyn="xxx" wnlex="xxx">’</w><w form="argine" lemma="argine" tag="NCMS000" wnsyn="00823750-n" wnlex="noun.act">argine</w><w form="che" lemma="che" tag="PT00000" wnsyn="xxx" wnlex="xxx">che</w><w form="limitava" lemma="limitare" tag="VMII3S0" wnsyn="00233335-v" wnlex="verb.change">limitava</w><w form="la" lemma="la" tag="DA0FS0" wnsyn="xxx" wnlex="xxx">la</w><w form="risaia" lemma="risaia" tag="NCFS000" wnsyn="08614229-n" wnlex="noun.location">risaia</w><w form="dall" lemma="dall" tag="NCMN000" wnsyn="xxx" wnlex="xxx">dall</w><w form="’" lemma="’" tag="Frc" wnsyn="xxx" wnlex="xxx">’</w><w form="immensa" lemma="immenso" tag="AQ0FS00" wnsyn="xxx" wnlex="xxx">immensa</w><w form="prateria" lemma="prateria" tag="NCFS000" wnsyn="08619524-n" wnlex="noun.location">prateria</w><w form="." lemma="." tag="Fp" wnsyn="xxx" wnlex="xxx">.</w></s></ab><ab><s><w form="I" lemma="il" tag="DA0MP0" wnsyn="xxx" wnlex="xxx">I</w><w form="colori" lemma="colore" tag="NCMP000" wnsyn="04956594-n" wnlex="noun.attribute">colori</w><w form="del" lemma="del" tag="SPCMS" wnsyn="xxx" wnlex="xxx">del</w><w form="maggio" lemma="maggio" tag="NCMN000" wnsyn="15211484-n" wnlex="noun.time">maggio</w><w form="inoltrato" lemma="inoltrare" tag="VMP00SM" wnsyn="01437254-v" wnlex="verb.contact">inoltrato</w><w form="vi" lemma="vi" tag="RG" wnsyn="xxx" wnlex="xxx">vi</w><w form="superavano" lemma="superare" tag="VMII3P0" wnsyn="02669081-v" wnlex="verb.stative">superavano</w><w form="la" lemma="la" tag="DA0FS0" wnsyn="xxx" wnlex="xxx">la</w><w form="verde" lemma="verde" tag="NCCS000" wnsyn="04967191-n" wnlex="noun.attribute">verde</w><w form="mèsse" lemma="mèsse" tag="VMSI3S0" wnsyn="xxx" wnlex="xxx">mèsse</w><w form="e" lemma="e" tag="CC" wnsyn="xxx" wnlex="xxx">e</w><w form="la" lemma="la" tag="PP3FSA0" wnsyn="xxx" wnlex="xxx">la</w><w form="trapungevano" lemma="trapungere" tag="VMII3P0" wnsyn="xxx" wnlex="xxx">trapungevano</w><w form=":" lemma=":" tag="Fd" wnsyn="xxx" wnlex="xxx">:</w><w form="giallo" lemma="giallo" tag="AQ0MS00" wnsyn="00385756-a" wnlex="adj.all">giallo</w><w form="di" lemma="di" tag="SPS00" wnsyn="xxx" wnlex="xxx">di</w><w form="grazio" lemma="graziare" tag="VMIP1S0" wnsyn="xxx" wnlex="xxx">grazio</w><w form="le" lemma="le" tag="PP3FNA0" wnsyn="xxx" wnlex="xxx">le</w><w form="," lemma="," tag="Fc" wnsyn="xxx" wnlex="xxx">,</w><w form="di" lemma="di" tag="SPS00" wnsyn="xxx" wnlex="xxx">di</w><w form="tulipani" lemma="tulipano" tag="NCMP000" wnsyn="12454159-n" wnlex="noun.plant">tulipani</w><w form="e" lemma="e" tag="CC" wnsyn="xxx" wnlex="xxx">e</w><w form="ranuncoli" lemma="ranuncoli" tag="NCMP000" wnsyn="xxx" wnlex="xxx">ranuncoli</w><w form=";" lemma=";" tag="Fx" wnsyn="xxx" wnlex="xxx">;</w><w form="lilla" lemma="lilla" tag="NCFS000" wnsyn="12310349-n" wnlex="noun.plant">lilla</w><w form="di" lemma="di" tag="SPS00" wnsyn="xxx" wnlex="xxx">di</w><w form="porrette" lemma="porrette" tag="NCFP000" wnsyn="xxx" wnlex="xxx">porrette</w><w form=";" lemma=";" tag="Fx" wnsyn="xxx" wnlex="xxx">;</w><w form="gridellino" lemma="gridellino" tag="NCMS000" wnsyn="xxx" wnlex="xxx">gridellino</w><w form="di" lemma="di" tag="SPS00" wnsyn="xxx" wnlex="xxx">di</w><w form="vecce" lemma="vecce" tag="NCFP000" wnsyn="xxx" wnlex="xxx">vecce</w><w form=";" lemma=";" tag="Fx" wnsyn="xxx" wnlex="xxx">;</w><w form="viola" lemma="violare" tag="VMIP3S0" wnsyn="02566528-v" wnlex="verb.social">viola</w><w form="di" lemma="di" tag="SPS00" wnsyn="xxx" wnlex="xxx">di</w><w form="prunelle" lemma="prunelle" tag="NCFP000" wnsyn="xxx" wnlex="xxx">prunelle</w><w form="e" lemma="e" tag="CC" wnsyn="xxx" wnlex="xxx">e</w><w form="di" lemma="di" tag="SPS00" wnsyn="xxx" wnlex="xxx">di</w><w form="salvie" lemma="salvie" tag="NCFP000" wnsyn="xxx" wnlex="xxx">salvie</w><w form=";" lemma=";" tag="Fx" wnsyn="xxx" wnlex="xxx">;</w><w form="bianco" lemma="bianco" tag="NCMS000" wnsyn="07892813-n" wnlex="noun.food">bianco</w><w form="di" lemma="di" tag="SPS00" wnsyn="xxx" wnlex="xxx">di</w><w form="ornitogali" lemma="ornitogali" tag="NCCP000" wnsyn="xxx" wnlex="xxx">ornitogali</w><w form="e" lemma="e" tag="CC" wnsyn="xxx" wnlex="xxx">e</w><w form="nigelle" lemma="nigelle" tag="NCFP000" wnsyn="xxx" wnlex="xxx">nigelle</w><w form="," lemma="," tag="Fc" wnsyn="xxx" wnlex="xxx">,</w><w form="di" lemma="di" tag="SPS00" wnsyn="xxx" wnlex="xxx">di</w><w form="eriche" lemma="eriche" tag="NCFP000" wnsyn="xxx" wnlex="xxx">eriche</w><w form="e" lemma="e" tag="CC" wnsyn="xxx" wnlex="xxx">e</w><w form="giunchiglie" lemma="giunchiglie" tag="NCFP000" wnsyn="xxx" wnlex="xxx">giunchiglie</w><w form=";" lemma=";" tag="Fx" wnsyn="xxx" wnlex="xxx">;</w><w form="rosa" lemma="roso" tag="AQ0FS00" wnsyn="xxx" wnlex="xxx">rosa</w><w form="e" lemma="e" tag="CC" wnsyn="xxx" wnlex="xxx">e</w><w form="azzurro" lemma="azzurro" tag="AQ0MS00" wnsyn="00370869-a" wnlex="adj.all">azzurro</w><w form="di" lemma="di" tag="SPS00" wnsyn="xxx" wnlex="xxx">di</w><w form="giacinti" lemma="giacinti" tag="NCMP000" wnsyn="xxx" wnlex="xxx">giacinti</w><w form=";" lemma=";" tag="Fx" wnsyn="xxx" wnlex="xxx">;</w><w form="bleu" lemma="bleu" tag="VMIS3S0" wnsyn="xxx" wnlex="xxx">bleu</w><w form="di" lemma="di" tag="SPS00" wnsyn="xxx" wnlex="xxx">di</w><w form="fiordalisi" lemma="fiordalisi" tag="NCFN000" wnsyn="xxx" wnlex="xxx">fiordalisi</w><w form=";" lemma=";" tag="Fx" wnsyn="xxx" wnlex="xxx">;</w><w form="rosso" lemma="rosso" tag="NCMS000" wnsyn="07841345-n" wnlex="noun.food">rosso</w><w form="di" lemma="di" tag="SPS00" wnsyn="xxx" wnlex="xxx">di</w><w form="trifoglio" lemma="trifoglio" tag="NCMS000" wnsyn="11752578-n" wnlex="noun.plant">trifoglio</w><w form="e" lemma="e" tag="CC" wnsyn="xxx" wnlex="xxx">e</w><w form="papaveri" lemma="papavero" tag="NCMP000" wnsyn="11900569-n" wnlex="noun.plant">papaveri</w><w form="." lemma="." tag="Fp" wnsyn="xxx" wnlex="xxx">.</w></s></ab><ab><s><w form="E" lemma="e" tag="CC" wnsyn="xxx" wnlex="xxx">E</w><w form="margherite" lemma="margherita" tag="NCFP000" wnsyn="11989869-n" wnlex="noun.plant">margherite</w><w form="da" lemma="da" tag="SPS00" wnsyn="xxx" wnlex="xxx">da</w><w form="per" lemma="per" tag="SPS00" wnsyn="xxx" wnlex="xxx">per</w><w form="tutto" lemma="tutto" tag="PI0MS00" wnsyn="xxx" wnlex="xxx">tutto</w><w form="." lemma="." tag="Fp" wnsyn="xxx" wnlex="xxx">.</w></s></ab><ab><s><w form="Quante" lemma="quante" tag="PT0FP00" wnsyn="xxx" wnlex="xxx">Quante</w><w form="!" lemma="!" tag="Fat" wnsyn="xxx" wnlex="xxx">!</w></s></ab><ab><s><w form="Andavano" lemma="andare" tag="VMII3P0" wnsyn="01992503-v" wnlex="verb.motion">Andavano</w><w form="," lemma="," tag="Fc" wnsyn="xxx" wnlex="xxx">,</w><w form="gli" lemma="il" tag="DA0MP0" wnsyn="xxx" wnlex="xxx">gli</w><w form="amanti" lemma="amante" tag="NCCP000" wnsyn="09622302-n" wnlex="noun.person">amanti</w><w form="," lemma="," tag="Fc" wnsyn="xxx" wnlex="xxx">,</w><w form="soli" lemma="sole" tag="NCMP000" wnsyn="09450163-n" wnlex="noun.object">soli</w><w form="," lemma="," tag="Fc" wnsyn="xxx" wnlex="xxx">,</w><w form="guardando" lemma="guardare" tag="VMG0000" wnsyn="02455407-v" wnlex="verb.social">guardando</w><w form="intorno" lemma="intorno" tag="SPS00" wnsyn="xxx" wnlex="xxx">intorno</w><w form=";" lemma=";" tag="Fx" wnsyn="xxx" wnlex="xxx">;</w><w form="guardando" lemma="guardare" tag="VMG0000" wnsyn="xxx" wnlex="xxx">guardando</w><w form="si" lemma="si" tag="PP3CN00" wnsyn="xxx" wnlex="xxx">si</w><w form="e" lemma="e" tag="CC" wnsyn="xxx" wnlex="xxx">e</w><w form="sorridendo" lemma="sorridere" tag="VMG0000" wnsyn="00028565-v" wnlex="verb.body">sorridendo</w><w form="senza" lemma="senza" tag="SPS00" wnsyn="xxx" wnlex="xxx">senza</w><w form="trovar" lemma="trovare" tag="VMN0000" wnsyn="02154508-v" wnlex="verb.perception">trovar</w><w form="parole" lemma="parola" tag="NCFP000" wnsyn="06286395-n" wnlex="noun.communication">parole</w><w form="." lemma="." tag="Fp" wnsyn="xxx" wnlex="xxx">.</w></s></ab><ab><s><w form="Nei" lemma="nel" tag="SPCMP" wnsyn="xxx" wnlex="xxx">Nei</w><w form="tardi" lemma="tardi" tag="RG" wnsyn="00100267-r" wnlex="adv.all">tardi</w><w form="passi" lemma="passare" tag="VMSP1S0" wnsyn="02669477-v" wnlex="verb.stative">passi</w><w form="," lemma="," tag="Fc" wnsyn="xxx" wnlex="xxx">,</w><w form="vicendevolmente" lemma="vicendevolmente" tag="RG" wnsyn="00405645-r" wnlex="adv.all">vicendevolmente</w><w form="e" lemma="e" tag="CC" wnsyn="xxx" wnlex="xxx">e</w><w form="quasi" lemma="quasi" tag="RG" wnsyn="00073033-r" wnlex="adv.all">quasi</w><w form="timidamente" lemma="timidamente" tag="RG" wnsyn="00228910-r" wnlex="adv.all">timidamente</w><w form="," lemma="," tag="Fc" wnsyn="xxx" wnlex="xxx">,</w><w form="avvertivano" lemma="avvertire" tag="VMII3P0" wnsyn="02169702-v" wnlex="verb.perception">avvertivano</w><w form="che" lemma="che" tag="CS" wnsyn="xxx" wnlex="xxx">che</w><w form="i" lemma="il" tag="DA0MP0" wnsyn="xxx" wnlex="xxx">i</w><w form="loro" lemma="loro" tag="AP0CS3P" wnsyn="xxx" wnlex="xxx">loro</w><w form="sguardi" lemma="sguardo" tag="NCMP000" wnsyn="04679738-n" wnlex="noun.attribute">sguardi</w><w form="eran" lemma="essere" tag="VMII3P0" wnsyn="00120316-v" wnlex="verb.change">eran</w><w form="pieni" lemma="pieno" tag="AQ0MP00" wnsyn="01083157-a" wnlex="adj.all">pieni</w><w form="di" lemma="di" tag="SPS00" wnsyn="xxx" wnlex="xxx">di</w><w form="ricordi" lemma="ricordo" tag="NCMP000" wnsyn="05935060-n" wnlex="noun.cognition">ricordi</w><w form="," lemma="," tag="Fc" wnsyn="xxx" wnlex="xxx">,</w><w form="dei" lemma="del" tag="SPCMP" wnsyn="xxx" wnlex="xxx">dei</w><w form="più" lemma="più" tag="RG" wnsyn="00040365-r" wnlex="adv.all">più</w><w form="lieti" lemma="lieto" tag="AQ0MP00" wnsyn="01361414-a" wnlex="adj.all">lieti</w><w form="ricordi" lemma="ricordo" tag="NCMP000" wnsyn="05935060-n" wnlex="noun.cognition">ricordi</w><w form="." lemma="." tag="Fp" wnsyn="xxx" wnlex="xxx">.</w></s></ab><ab><s><w form="E" lemma="e" tag="CC" wnsyn="xxx" wnlex="xxx">E</w><w form="così" lemma="così" tag="RG" wnsyn="00146594-r" wnlex="adv.all">così</w><w form="parevano" lemma="parere" tag="VMII3P0" wnsyn="02133435-v" wnlex="verb.perception">parevano</w><w form="accrescer" lemma="accrescere" tag="VMN0000" wnsyn="xxx" wnlex="xxx">accrescer</w><w form="si" lemma="si" tag="PP3CN00" wnsyn="xxx" wnlex="xxx">si</w><w form="l" lemma="l" tag="NCMN000" wnsyn="13624190-n" wnlex="noun.quantity">l</w><w form="’" lemma="’" tag="Frc" wnsyn="xxx" wnlex="xxx">’</w><w form="intima" lemma="intimo" tag="AQ0FS00" wnsyn="00951831-a" wnlex="adj.all">intima</w><w form="gioia" lemma="gioia" tag="NCFS000" wnsyn="07527352-n" wnlex="noun.feeling">gioia</w><w form="d" lemma="d" tag="NCMN000" wnsyn="xxx" wnlex="xxx">d</w><w form="’" lemma="’" tag="Frc" wnsyn="xxx" wnlex="xxx">’</w><w form="un" lemma="un" tag="DA0MS0" wnsyn="xxx" wnlex="xxx">un</w><w form="ritorno" lemma="ritorno" tag="NCMS000" wnsyn="00051192-n" wnlex="noun.act">ritorno</w><w form="a" lemma="a" tag="SPS00" wnsyn="xxx" wnlex="xxx">a</w><w form="sè" lemma="sè" tag="PP3CSA0" wnsyn="xxx" wnlex="xxx">sè</w><w form="medesimi" lemma="medesimo" tag="AQ0MP00" wnsyn="xxx" wnlex="xxx">medesimi</w><w form="e" lemma="e" tag="CC" wnsyn="xxx" wnlex="xxx">e</w><w form="approfondire" lemma="approfondire" tag="VMN0000" wnsyn="00955601-v" wnlex="verb.communication">approfondire</w><w form="la" lemma="la" tag="DA0FS0" wnsyn="xxx" wnlex="xxx">la</w><w form="coscienza" lemma="coscienza" tag="NCFS000" wnsyn="05675905-n" wnlex="noun.cognition">coscienza</w><w form="della" lemma="della" tag="SPCFS" wnsyn="xxx" wnlex="xxx">della</w><w form="loro" lemma="loro" tag="AP0CS3P" wnsyn="xxx" wnlex="xxx">loro</w><w form="anima" lemma="anima" tag="NCFS000" wnsyn="00007846-n" wnlex="noun.Tops">anima</w><w form=";" lemma=";" tag="Fx" wnsyn="xxx" wnlex="xxx">;</w><w form="parevano" lemma="parere" tag="VMII3P0" wnsyn="02133435-v" wnlex="verb.perception">parevano</w><w form="estendere" lemma="estendere" tag="VMN0000" wnsyn="00540235-v" wnlex="verb.change">estendere</w><w form="la" lemma="la" tag="DA0FS0" wnsyn="xxx" wnlex="xxx">la</w><w form="capacità" lemma="capacità" tag="NCFN000" wnsyn="05616246-n" wnlex="noun.cognition">capacità</w><w form="vitale" lemma="vitale" tag="AQ0CS00" wnsyn="00903894-a" wnlex="adj.all">vitale</w><w form="d" lemma="d" tag="NCMN000" wnsyn="xxx" wnlex="xxx">d</w><w form="’" lemma="’" tag="Frc" wnsyn="xxx" wnlex="xxx">’</w><w form="ogni" lemma="ogni" tag="DI0CS0" wnsyn="xxx" wnlex="xxx">ogni</w><w form="senso" lemma="senso" tag="NCMS000" wnsyn="06601327-n" wnlex="noun.communication">senso</w><w form="," lemma="," tag="Fc" wnsyn="xxx" wnlex="xxx">,</w><w form="schiarire" lemma="schiarire" tag="VMN0000" wnsyn="00281101-v" wnlex="verb.change">schiarire</w><w form="il" lemma="il" tag="DA0MS0" wnsyn="xxx" wnlex="xxx">il</w><w form="pensiero" lemma="pensiero" tag="NCMS000" wnsyn="05611302-n" wnlex="noun.cognition">pensiero</w><w form="all" lemma="all" tag="NCMN000" wnsyn="xxx" wnlex="xxx">all</w><w form="’" lemma="’" tag="Frc" wnsyn="xxx" wnlex="xxx">’</w><w form="esistenza" lemma="esistenza" tag="NCFS000" wnsyn="13954253-n" wnlex="noun.state">esistenza</w><w form="come" lemma="come" tag="PT00000" wnsyn="xxx" wnlex="xxx">come</w><w form="ridesta" lemma="ridestare" tag="VMIP3S0" wnsyn="00019182-v" wnlex="verb.body">ridesta</w><w form="," lemma="," tag="Fc" wnsyn="xxx" wnlex="xxx">,</w><w form="risorgere" lemma="risorgere" tag="VMN0000" wnsyn="00426301-v" wnlex="verb.change">risorgere</w><w form="nell" lemma="nell" tag="NCMN000" wnsyn="xxx" wnlex="xxx">nell</w><w form="’" lemma="’" tag="Frc" wnsyn="xxx" wnlex="xxx">’</w><w form="essere" lemma="essere" tag="VAN0000" wnsyn="00120316-v" wnlex="verb.change">essere</w><w form="loro" lemma="loro" tag="PP3CP00" wnsyn="xxx" wnlex="xxx">loro</w><w form="," lemma="," tag="Fc" wnsyn="xxx" wnlex="xxx">,</w><w form="reintegrati" lemma="reintegrare" tag="VMP00PM" wnsyn="02426799-v" wnlex="verb.social">reintegrati</w><w form="d" lemma="d" tag="NCMN000" wnsyn="xxx" wnlex="xxx">d</w><w form="’" lemma="’" tag="Frc" wnsyn="xxx" wnlex="xxx">’</w><w form="ogni" lemma="ogni" tag="DI0CS0" wnsyn="xxx" wnlex="xxx">ogni</w><w form="minima" lemma="minimo" tag="AQ0FS00" wnsyn="01496021-a" wnlex="adj.all">minima</w><w form="forza" lemma="forza" tag="NCFS000" wnsyn="08212347-n" wnlex="noun.group">forza</w><w form="," lemma="," tag="Fc" wnsyn="xxx" wnlex="xxx">,</w><w form="a" lemma="a" tag="SPS00" wnsyn="xxx" wnlex="xxx">a</w><w form="una" lemma="una" tag="PI0FS00" wnsyn="xxx" wnlex="xxx">una</w><w form="vita" lemma="vita" tag="NCFS000" wnsyn="13961642-n" wnlex="noun.state">vita</w><w form="rinnovata" lemma="rinnovare" tag="VMP00SF" wnsyn="01631072-v" wnlex="verb.creation">rinnovata</w><w form="e" lemma="e" tag="CC" wnsyn="xxx" wnlex="xxx">e</w><w form="a" lemma="a" tag="SPS00" wnsyn="xxx" wnlex="xxx">a</w><w form="una" lemma="una" tag="PI0FS00" wnsyn="xxx" wnlex="xxx">una</w><w form="sconosciuta" lemma="sconosciuto" tag="AQ0FS00" wnsyn="01376894-a" wnlex="adj.all">sconosciuta</w><w form="armonia" lemma="armonia" tag="NCFS000" wnsyn="07180183-n" wnlex="noun.communication">armonia</w><w form="." lemma="." tag="Fp" wnsyn="xxx" wnlex="xxx">.</w></s></ab><ab><s><w form="Era" lemma="essere" tag="VMII3S0" wnsyn="00120316-v" wnlex="verb.change">Era</w><w form="una" lemma="una" tag="PI0FS00" wnsyn="xxx" wnlex="xxx">una</w><w form="letizia" lemma="letizia" tag="NCFS000" wnsyn="07527352-n" wnlex="noun.feeling">letizia</w><w form="lieve" lemma="lieve" tag="AQ0CS00" wnsyn="01496021-a" wnlex="adj.all">lieve</w><w form="," lemma="," tag="Fc" wnsyn="xxx" wnlex="xxx">,</w><w form="di" lemma="di" tag="SPS00" wnsyn="xxx" wnlex="xxx">di</w><w form="sogno" lemma="sogno" tag="NCMS000" wnsyn="05768806-n" wnlex="noun.cognition">sogno</w><w form="," lemma="," tag="Fc" wnsyn="xxx" wnlex="xxx">,</w><w form="eppure" lemma="eppure" tag="RG" wnsyn="xxx" wnlex="xxx">eppure</w><w form="tenace" lemma="tenace" tag="AQ0CS00" wnsyn="01758339-a" wnlex="adj.all">tenace</w><w form="e" lemma="e" tag="CC" wnsyn="xxx" wnlex="xxx">e</w><w form="valida" lemma="valido" tag="AQ0FS00" wnsyn="02584981-a" wnlex="adj.all">valida</w><w form=";" lemma=";" tag="Fx" wnsyn="xxx" wnlex="xxx">;</w><w form="era" lemma="essere" tag="VMII3S0" wnsyn="00120316-v" wnlex="verb.change">era</w><w form="un" lemma="un" tag="DA0MS0" wnsyn="xxx" wnlex="xxx">un</w><w form="’" lemma="’" tag="Frc" wnsyn="xxx" wnlex="xxx">’</w><w form="illusione" lemma="illusione" tag="NCFS000" wnsyn="05896059-n" wnlex="noun.cognition">illusione</w><w form="suscitata" lemma="suscitare" tag="VMP00SF" wnsyn="01645601-v" wnlex="verb.creation">suscitata</w><w form="e" lemma="e" tag="CC" wnsyn="xxx" wnlex="xxx">e</w><w form="mantenuta" lemma="mantenere" tag="VMP00SF" wnsyn="02681795-v" wnlex="verb.stative">mantenuta</w><w form="dalla" lemma="dalla" tag="SPCFS" wnsyn="xxx" wnlex="xxx">dalla</w><w form="divina" lemma="divino" tag="AQ0FS00" wnsyn="02685153-a" wnlex="adj.pert">divina</w><w form="realtà" lemma="realtà" tag="NCFN000" wnsyn="13955461-n" wnlex="noun.state">realtà</w><w form="che" lemma="che" tag="PT00000" wnsyn="xxx" wnlex="xxx">che</w><w form="li" lemma="li" tag="PP3MPA0" wnsyn="xxx" wnlex="xxx">li</w><w form="accoglieva" lemma="accogliere" tag="VMII3S0" wnsyn="02732798-v" wnlex="verb.stative">accoglieva</w><w form=";" lemma=";" tag="Fx" wnsyn="xxx" wnlex="xxx">;</w><w form="era" lemma="essere" tag="VMII3S0" wnsyn="00120316-v" wnlex="verb.change">era</w><w form="un" lemma="un" tag="DA0MS0" wnsyn="xxx" wnlex="xxx">un</w><w form="vago" lemma="vago" tag="AQ0MS00" wnsyn="00697389-a" wnlex="adj.all">vago</w><w form="desiderio" lemma="desiderio" tag="NCMS000" wnsyn="07484265-n" wnlex="noun.feeling">desiderio</w><w form="continuo" lemma="continuo" tag="AQ0MS00" wnsyn="00592222-a" wnlex="adj.all">continuo</w><w form="e" lemma="e" tag="CC" wnsyn="xxx" wnlex="xxx">e</w><w form="di" lemma="di" tag="SPS00" wnsyn="xxx" wnlex="xxx">di</w><w form="continuo" lemma="continuo" tag="AQ0MS00" wnsyn="00592222-a" wnlex="adj.all">continuo</w><w form="esaudito" lemma="esaudire" tag="VMP00SM" wnsyn="02671880-v" wnlex="verb.stative">esaudito</w><w form="in" lemma="in" tag="SPS00" wnsyn="xxx" wnlex="xxx">in</w><w form="quel" lemma="quello" tag="DD0MS0" wnsyn="xxx" wnlex="xxx">quel</w><w form="fluire" lemma="fluire" tag="VMN0000" wnsyn="02066939-v" wnlex="verb.motion">fluire</w><w form="degli" lemma="del" tag="SPCMP" wnsyn="xxx" wnlex="xxx">degli</w><w form="attimi" lemma="attimo" tag="NCMP000" wnsyn="15246853-n" wnlex="noun.time">attimi</w><w form=";" lemma=";" tag="Fx" wnsyn="xxx" wnlex="xxx">;</w><w form="era" lemma="essere" tag="VMII3S0" wnsyn="00120316-v" wnlex="verb.change">era</w><w form="la" lemma="la" tag="DA0FS0" wnsyn="xxx" wnlex="xxx">la</w><w form="consapevolezza" lemma="consapevolezza" tag="NCFS000" wnsyn="05675905-n" wnlex="noun.cognition">consapevolezza</w><w form="di" lemma="di" tag="SPS00" wnsyn="xxx" wnlex="xxx">di</w><w form="una" lemma="una" tag="DA0FS0" wnsyn="xxx" wnlex="xxx">una</w><w form="felicità" lemma="felicità" tag="NCFN000" wnsyn="05829782-n" wnlex="noun.cognition">felicità</w><w form="certa" lemma="certo" tag="AQ0FS00" wnsyn="00340239-a" wnlex="adj.all">certa</w><w form="e" lemma="e" tag="CC" wnsyn="xxx" wnlex="xxx">e</w><w form="immanente" lemma="immanente" tag="AQ0CS00" wnsyn="xxx" wnlex="xxx">immanente</w><w form="." lemma="." tag="Fp" wnsyn="xxx" wnlex="xxx">.</w></s></ab><ab><s><w form="Essa" lemma="essa" tag="PP3FSN0" wnsyn="xxx" wnlex="xxx">Essa</w><w form="," lemma="," tag="Fc" wnsyn="xxx" wnlex="xxx">,</w><w form="di" lemma="di" tag="SPS00" wnsyn="xxx" wnlex="xxx">di</w><w form="tanto" lemma="tanto" tag="RG" wnsyn="00146594-r" wnlex="adv.all">tanto</w><w form="in" lemma="in" tag="SPS00" wnsyn="xxx" wnlex="xxx">in</w><w form="tanto" lemma="tanto" tag="RG" wnsyn="00146594-r" wnlex="adv.all">tanto</w><w form="," lemma="," tag="Fc" wnsyn="xxx" wnlex="xxx">,</w><w form="si" lemma="si" tag="PP3CN00" wnsyn="xxx" wnlex="xxx">si</w><w form="chinava" lemma="chinare" tag="VMII3S0" wnsyn="00898691-v" wnlex="verb.communication">chinava</w><w form="al" lemma="al" tag="SPCMS" wnsyn="xxx" wnlex="xxx">al</w><w form="margine" lemma="margine" tag="NCMS000" wnsyn="13903387-n" wnlex="noun.shape">margine</w><w form="e" lemma="e" tag="CC" wnsyn="xxx" wnlex="xxx">e</w><w form="spiccava" lemma="spiccare" tag="VMII3S0" wnsyn="01063049-v" wnlex="verb.communication">spiccava</w><w form="un" lemma="un" tag="DA0MS0" wnsyn="xxx" wnlex="xxx">un</w><w form="fiordaliso" lemma="fiordaliso" tag="NCMS000" wnsyn="11948656-n" wnlex="noun.plant">fiordaliso</w><w form="o" lemma="o" tag="CC" wnsyn="xxx" wnlex="xxx">o</w><w form="un" lemma="un" tag="DA0MS0" wnsyn="xxx" wnlex="xxx">un</w><w form="ranuncolo" lemma="ranuncolo" tag="NCMS000" wnsyn="11720353-n" wnlex="noun.plant">ranuncolo</w><w form="o" lemma="o" tag="CC" wnsyn="xxx" wnlex="xxx">o</w><w form="un" lemma="un" tag="DA0MS0" wnsyn="xxx" wnlex="xxx">un</w><w form="geranio" lemma="geranio" tag="NCMS000" wnsyn="12685431-n" wnlex="noun.plant">geranio</w><w form="campestre" lemma="campestre" tag="AQ0CS00" wnsyn="02790222-a" wnlex="adj.pert">campestre</w><w form="." lemma="." tag="Fp" wnsyn="xxx" wnlex="xxx">.</w></s></ab><ab><s><w form="Poi" lemma="poi" tag="RG" wnsyn="00117620-r" wnlex="adv.all">Poi</w><w form="," lemma="," tag="Fc" wnsyn="xxx" wnlex="xxx">,</w><w form="tendendo" lemma="tendere" tag="VMG0000" wnsyn="02719399-v" wnlex="verb.stative">tendendo</w><w form="le" lemma="la" tag="DA0FP0" wnsyn="xxx" wnlex="xxx">le</w><w form="mani" lemma="mano" tag="NCFP000" wnsyn="05564590-n" wnlex="noun.body">mani</w><w form="al" lemma="al" tag="SPCMS" wnsyn="xxx" wnlex="xxx">al</w><w form="prato" lemma="prato" tag="NCMS000" wnsyn="08591592-n" wnlex="noun.location">prato</w><w form="in" lemma="in" tag="SPS00" wnsyn="xxx" wnlex="xxx">in</w><w form="cui" lemma="cui" tag="PT0CN00" wnsyn="xxx" wnlex="xxx">cui</w><w form="non" lemma="non" tag="RG" wnsyn="00024073-r" wnlex="adv.all">non</w><w form="ancora" lemma="ancora" tag="RG" wnsyn="00040365-r" wnlex="adv.all">ancora</w><w form="piede" lemma="piede" tag="NCMS000" wnsyn="05563266-n" wnlex="noun.body">piede</w><w form="d" lemma="d" tag="NCMN000" wnsyn="xxx" wnlex="xxx">d</w><w form="’" lemma="’" tag="Frc" wnsyn="xxx" wnlex="xxx">’</w><w form="uomo" lemma="uomo" tag="NCMS000" wnsyn="10287213-n" wnlex="noun.person">uomo</w><w form="aveva" lemma="avere" tag="VAII3S0" wnsyn="02604760-v" wnlex="verb.stative">aveva</w><w form="lasciato" lemma="lasciare" tag="VMP00SM" wnsyn="00802318-v" wnlex="verb.communication">lasciato</w><w form="traccia" lemma="traccia" tag="NCFS000" wnsyn="06646243-n" wnlex="noun.communication">traccia</w><w form="e" lemma="e" tag="CC" wnsyn="xxx" wnlex="xxx">e</w><w form="da" lemma="da" tag="SPS00" wnsyn="xxx" wnlex="xxx">da</w><w form="cui" lemma="cui" tag="PT0CN00" wnsyn="xxx" wnlex="xxx">cui</w><w form="la" lemma="la" tag="DA0FS0" wnsyn="xxx" wnlex="xxx">la</w><w form="concordia" lemma="concordia" tag="NCFS000" wnsyn="07180183-n" wnlex="noun.communication">concordia</w><w form="delle" lemma="della" tag="SPCFP" wnsyn="xxx" wnlex="xxx">delle</w><w form="tinte" lemma="tinta" tag="NCFP000" wnsyn="03875218-n" wnlex="noun.artifact">tinte</w><w form="assorgeva" lemma="assorgeva" tag="VMII3S0" wnsyn="xxx" wnlex="xxx">assorgeva</w><w form="come" lemma="come" tag="PT00000" wnsyn="xxx" wnlex="xxx">come</w><w form="quella" lemma="quella" tag="PD0FS00" wnsyn="xxx" wnlex="xxx">quella</w><w form="dei" lemma="del" tag="SPCMP" wnsyn="xxx" wnlex="xxx">dei</w><w form="suoni" lemma="suono" tag="NCMP000" wnsyn="05718254-n" wnlex="noun.cognition">suoni</w><w form="in" lemma="in" tag="SPS00" wnsyn="xxx" wnlex="xxx">in</w><w form="una" lemma="una" tag="PI0FS00" wnsyn="xxx" wnlex="xxx">una</w><w form="sinfonia" lemma="sinfonia" tag="NCFS000" wnsyn="07044760-n" wnlex="noun.communication">sinfonia</w><w form="," lemma="," tag="Fc" wnsyn="xxx" wnlex="xxx">,</w><w form="esclamò" lemma="esclamare" tag="VMIS3S0" wnsyn="00912048-v" wnlex="verb.communication">esclamò</w><w form=":" lemma=":" tag="Fd" wnsyn="xxx" wnlex="xxx">:</w><w form="—" lemma="—" tag="Fz" wnsyn="xxx" wnlex="xxx">—</w><w form="Vorrei" lemma="vorrei" tag="NP00000" wnsyn="xxx" wnlex="xxx">Vorrei</w><w form="correre" lemma="correre" tag="VMN0000" wnsyn="00459498-v" wnlex="verb.change">correre</w><w form="," lemma="," tag="Fc" wnsyn="xxx" wnlex="xxx">,</w><w form="gettar" lemma="gettare" tag="VMN0000" wnsyn="xxx" wnlex="xxx">gettar</w><w form="mi" lemma="mi" tag="PP1CSD0" wnsyn="xxx" wnlex="xxx">mi</w><w form="là" lemma="là" tag="RG" wnsyn="xxx" wnlex="xxx">là</w><w form="in" lemma="in" tag="SPS00" wnsyn="xxx" wnlex="xxx">in</w><w form="mezzo" lemma="mezzo" tag="NCMS000" wnsyn="00172710-n" wnlex="noun.act">mezzo</w><w form="!" lemma="!" tag="Fat" wnsyn="xxx" wnlex="xxx">!</w><w form="—" lemma="—" tag="Fz" wnsyn="xxx" wnlex="xxx">—</w><w form="Va" lemma="va" tag="NP00000" wnsyn="xxx" wnlex="xxx">Va</w><w form="!" lemma="!" tag="Fat" wnsyn="xxx" wnlex="xxx">!</w></s></ab><ab><s><w form="Ella" lemma="ella" tag="NP00000" wnsyn="xxx" wnlex="xxx">Ella</w><w form="scosse" lemma="scuotere" tag="VMIS3S0" wnsyn="01889610-v" wnlex="verb.motion">scosse</w><w form="il" lemma="il" tag="DA0MS0" wnsyn="xxx" wnlex="xxx">il</w><w form="capo" lemma="capo" tag="NCMS000" wnsyn="05538625-n" wnlex="noun.body">capo</w><w form="." lemma="." tag="Fp" wnsyn="xxx" wnlex="xxx">.</w><w form="—" lemma="—" tag="Fz" wnsyn="xxx" wnlex="xxx">—</w><w form="Non" lemma="non" tag="NP00000" wnsyn="09957834-n" wnlex="noun.person">Non</w><w form="si" lemma="si" tag="PP3CN00" wnsyn="xxx" wnlex="xxx">si</w><w form="può" lemma="potere" tag="VMIP3S0" wnsyn="00213794-v" wnlex="verb.change">può</w><w form="," lemma="," tag="Fc" wnsyn="xxx" wnlex="xxx">,</w><w form="senza" lemma="senza" tag="SPS00" wnsyn="xxx" wnlex="xxx">senza</w><w form="calpestare" lemma="calpestare" tag="VMN0000" wnsyn="02092039-v" wnlex="verb.motion">calpestare</w><w form="!" lemma="!" tag="Fat" wnsyn="xxx" wnlex="xxx">!</w></s></ab><ab><s><w form="Più" lemma="più" tag="RG" wnsyn="00040365-r" wnlex="adv.all">Più</w><w form="avanti" lemma="avanti" tag="RG" wnsyn="00060939-r" wnlex="adv.all">avanti</w><w form="," lemma="," tag="Fc" wnsyn="xxx" wnlex="xxx">,</w><w form="al" lemma="al" tag="SPCMS" wnsyn="xxx" wnlex="xxx">al</w><w form="serbatoio" lemma="serbatoio" tag="NCMS000" wnsyn="04388743-n" wnlex="noun.artifact">serbatoio</w><w form="," lemma="," tag="Fc" wnsyn="xxx" wnlex="xxx">,</w><w form="discesero" lemma="discendere" tag="VMIS3P0" wnsyn="01970826-v" wnlex="verb.motion">discesero</w><w form="nella" lemma="nella" tag="SPCFS" wnsyn="xxx" wnlex="xxx">nella</w><w form="barca" lemma="barca" tag="NCFS000" wnsyn="02858304-n" wnlex="noun.artifact">barca</w><w form="." lemma="." tag="Fp" wnsyn="xxx" wnlex="xxx">.</w></s></ab><ab><s><w form="Remava" lemma="remare" tag="VMII3S0" wnsyn="01946996-v" wnlex="verb.motion">Remava</w><w form="lui" lemma="lui" tag="PP3MS00" wnsyn="xxx" wnlex="xxx">lui</w><w form="." lemma="." tag="Fp" wnsyn="xxx" wnlex="xxx">.</w></s></ab><ab><s><w form="Anche" lemma="anche" tag="RG" wnsyn="00040365-r" wnlex="adv.all">Anche</w><w form="l" lemma="l" tag="NCMN000" wnsyn="13624190-n" wnlex="noun.quantity">l</w><w form="’" lemma="’" tag="Frc" wnsyn="xxx" wnlex="xxx">’</w><w form="acqua" lemma="acqua" tag="NCFS000" wnsyn="09225146-n" wnlex="noun.object">acqua</w><w form="sembrava" lemma="sembrare" tag="VMII3S0" wnsyn="02133435-v" wnlex="verb.perception">sembrava</w><w form="riposare" lemma="riposare" tag="VMN0000" wnsyn="00014742-v" wnlex="verb.body">riposare</w><w form="e" lemma="e" tag="CC" wnsyn="xxx" wnlex="xxx">e</w><w form="godere" lemma="godere" tag="VMN0000" wnsyn="01820302-v" wnlex="verb.emotion">godere</w><w form="in" lemma="in" tag="SPS00" wnsyn="xxx" wnlex="xxx">in</w><w form="distesa" lemma="distesa" tag="NCFS000" wnsyn="09277538-n" wnlex="noun.object">distesa</w><w form="azzurra" lemma="azzurro" tag="AQ0FS00" wnsyn="00370869-a" wnlex="adj.all">azzurra</w><w form="," lemma="," tag="Fc" wnsyn="xxx" wnlex="xxx">,</w><w form="chiazzata" lemma="chiazzare" tag="VMP00SF" wnsyn="xxx" wnlex="xxx">chiazzata</w><w form="qua" lemma="qua" tag="RG" wnsyn="00108647-r" wnlex="adv.all">qua</w><w form="e" lemma="e" tag="CC" wnsyn="xxx" wnlex="xxx">e</w><w form="là" lemma="là" tag="RG" wnsyn="xxx" wnlex="xxx">là</w><w form="dal" lemma="dal" tag="SPCMS" wnsyn="xxx" wnlex="xxx">dal</w><w form="verde" lemma="verde" tag="NCCS000" wnsyn="04967191-n" wnlex="noun.attribute">verde</w><w form="delle" lemma="della" tag="SPCFP" wnsyn="xxx" wnlex="xxx">delle</w><w form="ninfee" lemma="ninfee" tag="NCFP000" wnsyn="xxx" wnlex="xxx">ninfee</w><w form="e" lemma="e" tag="CC" wnsyn="xxx" wnlex="xxx">e</w><w form="sparsa" lemma="spargere" tag="VMP00SF" wnsyn="02767308-v" wnlex="verb.weather">sparsa</w><w form="di" lemma="di" tag="SPS00" wnsyn="xxx" wnlex="xxx">di</w><w form="macchie" lemma="macchia" tag="NCFP000" wnsyn="04695176-n" wnlex="noun.attribute">macchie</w><w form="or" lemma="or" tag="RG" wnsyn="xxx" wnlex="xxx">or</w><w form="scarse" lemma="scarso" tag="AQ0FP00" wnsyn="00106456-a" wnlex="adj.all">scarse</w><w form="or" lemma="or" tag="RG" wnsyn="xxx" wnlex="xxx">or</w><w form="copiose" lemma="copioso" tag="AQ0FP00" wnsyn="xxx" wnlex="xxx">copiose</w><w form="in" lemma="in" tag="SPS00" wnsyn="xxx" wnlex="xxx">in</w><w form="canne" lemma="canna" tag="NCFP000" wnsyn="12136720-n" wnlex="noun.plant">canne</w><w form="e" lemma="e" tag="CC" wnsyn="xxx" wnlex="xxx">e</w><w form="giunchi" lemma="giunco" tag="NCMP000" wnsyn="11743294-n" wnlex="noun.plant">giunchi</w><w form="," lemma="," tag="Fc" wnsyn="xxx" wnlex="xxx">,</w><w form="e" lemma="e" tag="CC" wnsyn="xxx" wnlex="xxx">e</w><w form="chiusa" lemma="chiuso" tag="AQ0FS00" wnsyn="01653538-a" wnlex="adj.all">chiusa</w><w form="all" lemma="all" tag="NCMN000" wnsyn="xxx" wnlex="xxx">all</w><w form="’" lemma="’" tag="Frc" wnsyn="xxx" wnlex="xxx">’</w><w form="ingiro" lemma="ingiro" tag="NCMS000" wnsyn="xxx" wnlex="xxx">ingiro</w><w form="dalle" lemma="dalla" tag="SPCFP" wnsyn="xxx" wnlex="xxx">dalle</w><w form="sponde" lemma="sponda" tag="NCFP000" wnsyn="09433442-n" wnlex="noun.object">sponde</w><w form="ombrose" lemma="ombroso" tag="AQ0FP00" wnsyn="xxx" wnlex="xxx">ombrose</w><w form="di" lemma="di" tag="SPS00" wnsyn="xxx" wnlex="xxx">di</w><w form="salici" lemma="salice" tag="NCMP000" wnsyn="12724942-n" wnlex="noun.plant">salici</w><w form=";" lemma=";" tag="Fx" wnsyn="xxx" wnlex="xxx">;</w><w form="mentre" lemma="mentre" tag="CC" wnsyn="xxx" wnlex="xxx">mentre</w><w form="la" lemma="la" tag="DA0FS0" wnsyn="xxx" wnlex="xxx">la</w><w form="barca" lemma="barca" tag="NCFS000" wnsyn="02858304-n" wnlex="noun.artifact">barca</w><w form="procedeva" lemma="procedere" tag="VMII3S0" wnsyn="01992503-v" wnlex="verb.motion">procedeva</w><w form="piano" lemma="piano" tag="NCMN000" wnsyn="05898568-n" wnlex="noun.cognition">piano</w><w form="piano" lemma="piano" tag="NCMN000" wnsyn="05898568-n" wnlex="noun.cognition">piano</w><w form="," lemma="," tag="Fc" wnsyn="xxx" wnlex="xxx">,</w><w form="soavemente" lemma="soavemente" tag="RG" wnsyn="00472323-r" wnlex="adv.all">soavemente</w><w form="," lemma="," tag="Fc" wnsyn="xxx" wnlex="xxx">,</w><w form="per" lemma="per" tag="SPS00" wnsyn="xxx" wnlex="xxx">per</w><w form="quella" lemma="quello" tag="DD0FS0" wnsyn="xxx" wnlex="xxx">quella</w><w form="frescura" lemma="frescura" tag="NCFS000" wnsyn="05015678-n" wnlex="noun.attribute">frescura</w><w form="." lemma="." tag="Fp" wnsyn="xxx" wnlex="xxx">.</w></s></ab><ab><s><w form="Canerini" lemma="canerini" tag="NP00000" wnsyn="xxx" wnlex="xxx">Canerini</w><w form="di" lemma="di" tag="SPS00" wnsyn="xxx" wnlex="xxx">di</w><w form="valle" lemma="valle" tag="NCFS000" wnsyn="09468604-n" wnlex="noun.object">valle</w><w form="si" lemma="si" tag="PP3CN00" wnsyn="xxx" wnlex="xxx">si</w><w form="levavano" lemma="levare" tag="VMII3P0" wnsyn="00173338-v" wnlex="verb.change">levavano</w><w form="con" lemma="con" tag="SPS00" wnsyn="xxx" wnlex="xxx">con</w><w form="un" lemma="un" tag="DA0MS0" wnsyn="xxx" wnlex="xxx">un</w><w form="vocìo" lemma="vocìo" tag="NCMS000" wnsyn="xxx" wnlex="xxx">vocìo</w><w form="sottile" lemma="sottile" tag="AQ0CS00" wnsyn="02412164-a" wnlex="adj.all">sottile</w><w form="e" lemma="e" tag="CC" wnsyn="xxx" wnlex="xxx">e</w><w form="così" lemma="così" tag="RG" wnsyn="00146594-r" wnlex="adv.all">così</w><w form="vivace" lemma="vivace" tag="AQ0CS00" wnsyn="00804695-a" wnlex="adj.all">vivace</w><w form="da" lemma="da" tag="SPS00" wnsyn="xxx" wnlex="xxx">da</w><w form="creder" lemma="credere" tag="VMN0000" wnsyn="xxx" wnlex="xxx">creder</w><w form="lo" lemma="lo" tag="PP3MSA0" wnsyn="xxx" wnlex="xxx">lo</w><w form="non" lemma="non" tag="RG" wnsyn="00024073-r" wnlex="adv.all">non</w><w form="segno" lemma="segno" tag="NCMS000" wnsyn="06646243-n" wnlex="noun.communication">segno</w><w form="di" lemma="di" tag="SPS00" wnsyn="xxx" wnlex="xxx">di</w><w form="paura" lemma="paura" tag="NCFS000" wnsyn="07524529-n" wnlex="noun.feeling">paura</w><w form="ma" lemma="ma" tag="CC" wnsyn="xxx" wnlex="xxx">ma</w><w form="di" lemma="di" tag="SPS00" wnsyn="xxx" wnlex="xxx">di</w><w form="più" lemma="più" tag="RG" wnsyn="00040365-r" wnlex="adv.all">più</w><w form="viva" lemma="vivere" tag="VMSP2S0" wnsyn="02614181-v" wnlex="verb.stative">viva</w><w form="gioia" lemma="gioia" tag="NCFS000" wnsyn="07527352-n" wnlex="noun.feeling">gioia</w><w form="nel" lemma="nel" tag="SPCMS" wnsyn="xxx" wnlex="xxx">nel</w><w form="volo" lemma="volo" tag="NCMS000" wnsyn="00302394-n" wnlex="noun.act">volo</w><w form="." lemma="." tag="Fp" wnsyn="xxx" wnlex="xxx">.</w></s></ab><ab><s><w form="Finchè" lemma="finchè" tag="NP00000" wnsyn="xxx" wnlex="xxx">Finchè</w><w form="la" lemma="la" tag="DA0FS0" wnsyn="xxx" wnlex="xxx">la</w><w form="barca" lemma="barca" tag="NCFS000" wnsyn="02858304-n" wnlex="noun.artifact">barca</w><w form="trovò" lemma="trovare" tag="VMIS3S0" wnsyn="02154508-v" wnlex="verb.perception">trovò</w><w form="adito" lemma="adire" tag="VMP00SM" wnsyn="xxx" wnlex="xxx">adito</w><w form="in" lemma="in" tag="SPS00" wnsyn="xxx" wnlex="xxx">in</w><w form="mezzo" lemma="mezzo" tag="NCMS000" wnsyn="00172710-n" wnlex="noun.act">mezzo</w><w form="alla" lemma="alla" tag="SPCFS" wnsyn="xxx" wnlex="xxx">alla</w><w form="macchia" lemma="macchia" tag="NCFS000" wnsyn="04695176-n" wnlex="noun.attribute">macchia</w><w form="più" lemma="più" tag="RG" wnsyn="00040365-r" wnlex="adv.all">più</w><w form="folta" lemma="folto" tag="AQ0FS00" wnsyn="xxx" wnlex="xxx">folta</w><w form="di" lemma="di" tag="SPS00" wnsyn="xxx" wnlex="xxx">di</w><w form="cannelle" lemma="cannelle" tag="NCFP000" wnsyn="xxx" wnlex="xxx">cannelle</w><w form="e" lemma="e" tag="CC" wnsyn="xxx" wnlex="xxx">e</w><w form="saracchi" lemma="saracchi" tag="NCMP000" wnsyn="xxx" wnlex="xxx">saracchi</w><w form="," lemma="," tag="Fc" wnsyn="xxx" wnlex="xxx">,</w><w form="e" lemma="e" tag="CC" wnsyn="xxx" wnlex="xxx">e</w><w form="ristette" lemma="ristette" tag="VMIP3S0" wnsyn="xxx" wnlex="xxx">ristette</w><w form="dove" lemma="dove" tag="PT00000" wnsyn="xxx" wnlex="xxx">dove</w><w form="l" lemma="l" tag="NCMN000" wnsyn="13624190-n" wnlex="noun.quantity">l</w><w form="’" lemma="’" tag="Frc" wnsyn="xxx" wnlex="xxx">’</w><w form="acqua" lemma="acqua" tag="NCFS000" wnsyn="09225146-n" wnlex="noun.object">acqua</w><w form="bruna" lemma="bruno" tag="AQ0FS00" wnsyn="xxx" wnlex="xxx">bruna</w><w form="," lemma="," tag="Fc" wnsyn="xxx" wnlex="xxx">,</w><w form="sotto" lemma="sotto" tag="SPS00" wnsyn="xxx" wnlex="xxx">sotto</w><w form="l" lemma="l" tag="NCMN000" wnsyn="13624190-n" wnlex="noun.quantity">l</w><w form="’" lemma="’" tag="Frc" wnsyn="xxx" wnlex="xxx">’</w><w form="ombra" lemma="ombra" tag="NCFS000" wnsyn="13984944-n" wnlex="noun.state">ombra</w><w form="," lemma="," tag="Fc" wnsyn="xxx" wnlex="xxx">,</w><w form="rivelava" lemma="rivelare" tag="VMII3S0" wnsyn="00933821-v" wnlex="verb.communication">rivelava</w><w form="un" lemma="un" tag="DA0MS0" wnsyn="xxx" wnlex="xxx">un</w><w form="brivido" lemma="brivido" tag="NCMS000" wnsyn="07520112-n" wnlex="noun.feeling">brivido</w><w form="," lemma="," tag="Fc" wnsyn="xxx" wnlex="xxx">,</w><w form="al" lemma="al" tag="SPCMS" wnsyn="xxx" wnlex="xxx">al</w><w form="rezzo" lemma="rezzo" tag="NCMS000" wnsyn="05015678-n" wnlex="noun.attribute">rezzo</w><w form="." lemma="." tag="Fp" wnsyn="xxx" wnlex="xxx">.</w></s></ab><ab><s><w form="Udirono" lemma="udire" tag="VMIS3P0" wnsyn="02169702-v" wnlex="verb.perception">Udirono</w><w form="uno" lemma="uno" tag="PI0MS00" wnsyn="xxx" wnlex="xxx">uno</w><w form="svolazzar" lemma="svolazzare" tag="VMN0000" wnsyn="01899891-v" wnlex="verb.motion">svolazzar</w><w form="forte" lemma="forte" tag="AQ0CS00" wnsyn="00624026-a" wnlex="adj.all">forte</w><w form="," lemma="," tag="Fc" wnsyn="xxx" wnlex="xxx">,</w><w form="di" lemma="di" tag="SPS00" wnsyn="xxx" wnlex="xxx">di</w><w form="folaghe" lemma="folaghe" tag="AQ0FP00" wnsyn="xxx" wnlex="xxx">folaghe</w><w form="e" lemma="e" tag="CC" wnsyn="xxx" wnlex="xxx">e</w><w form="anitre" lemma="anitra" tag="NCFP000" wnsyn="01846331-n" wnlex="noun.animal">anitre</w><w form="." lemma="." tag="Fp" wnsyn="xxx" wnlex="xxx">.</w></s></ab><ab><s><w form="E" lemma="e" tag="CC" wnsyn="xxx" wnlex="xxx">E</w><w form="più" lemma="più" tag="RG" wnsyn="00040365-r" wnlex="adv.all">più</w><w form="nulla" lemma="nulla" tag="PI0MS00" wnsyn="xxx" wnlex="xxx">nulla</w><w form="." lemma="." tag="Fp" wnsyn="xxx" wnlex="xxx">.</w><w form="—" lemma="—" tag="Fz" wnsyn="xxx" wnlex="xxx">—</w><w form="Restiamo" lemma="restiamo" tag="NP00000" wnsyn="xxx" wnlex="xxx">Restiamo</w><w form="un" lemma="un" tag="DA0MS0" wnsyn="xxx" wnlex="xxx">un</w><w form="poco" lemma="poco" tag="PI0MS00" wnsyn="xxx" wnlex="xxx">poco</w><w form="?" lemma="?" tag="Fit" wnsyn="xxx" wnlex="xxx">?</w><w form="—" lemma="—" tag="Fz" wnsyn="xxx" wnlex="xxx">—</w><w form="A" lemma="a" tag="NP00000" wnsyn="15121625-n" wnlex="noun.time">A</w><w form="lungo" lemma="lungo" tag="SPS00" wnsyn="xxx" wnlex="xxx">lungo</w><w form="ella" lemma="ella" tag="NCFS000" wnsyn="xxx" wnlex="xxx">ella</w><w form="sarebbe" lemma="essere" tag="VAIC3S0" wnsyn="00120316-v" wnlex="verb.change">sarebbe</w><w form="voluta" lemma="volere" tag="VDP00SF" wnsyn="02627934-v" wnlex="verb.stative">voluta</w><w form="restar" lemma="restare" tag="VMN0000" wnsyn="00117985-v" wnlex="verb.change">restar</w><w form="là" lemma="là" tag="RG" wnsyn="xxx" wnlex="xxx">là</w><w form="con" lemma="con" tag="SPS00" wnsyn="xxx" wnlex="xxx">con</w><w form="lui" lemma="lui" tag="PP3MS00" wnsyn="xxx" wnlex="xxx">lui</w><w form="." lemma="." tag="Fp" wnsyn="xxx" wnlex="xxx">.</w></s></ab><ab><s><w form="Gli" lemma="gli" tag="PP3MSA0" wnsyn="xxx" wnlex="xxx">Gli</w><w form="abbandonava" lemma="abbandonare" tag="VMII3S0" wnsyn="02009433-v" wnlex="verb.motion">abbandonava</w><w form="la" lemma="la" tag="DA0FS0" wnsyn="xxx" wnlex="xxx">la</w><w form="mano" lemma="mano" tag="NCFS000" wnsyn="05564590-n" wnlex="noun.body">mano</w><w form="nella" lemma="nella" tag="SPCFS" wnsyn="xxx" wnlex="xxx">nella</w><w form="mano" lemma="mano" tag="NCFS000" wnsyn="05564590-n" wnlex="noun.body">mano</w><w form="." lemma="." tag="Fp" wnsyn="xxx" wnlex="xxx">.</w><w form="—" lemma="—" tag="Fz" wnsyn="xxx" wnlex="xxx">—</w><w form="Sei" lemma="essere" tag="VAIP2S0" wnsyn="00120316-v" wnlex="verb.change">Sei</w><w form="contenta" lemma="contento" tag="AQ0FS00" wnsyn="01361414-a" wnlex="adj.all">contenta</w><w form="d" lemma="d" tag="NCMN000" wnsyn="xxx" wnlex="xxx">d</w><w form="’" lemma="’" tag="Frc" wnsyn="xxx" wnlex="xxx">’</w><w form="esser" lemma="essere" tag="VAN0000" wnsyn="00120316-v" wnlex="verb.change">esser</w><w form="venuta" lemma="venire" tag="VMP00SF" wnsyn="00149583-v" wnlex="verb.change">venuta</w><w form="?" lemma="?" tag="Fit" wnsyn="xxx" wnlex="xxx">?</w><w form="—" lemma="—" tag="Fz" wnsyn="xxx" wnlex="xxx">—</w><w form="Non" lemma="non" tag="NP00000" wnsyn="09957834-n" wnlex="noun.person">Non</w><w form="te" lemma="te" tag="PP2CSA0" wnsyn="xxx" wnlex="xxx">te</w><w form="l" lemma="l" tag="NCMN000" wnsyn="13624190-n" wnlex="noun.quantity">l</w><w form="’" lemma="’" tag="Frc" wnsyn="xxx" wnlex="xxx">’</w><w form="avevo" lemma="avere" tag="VAII1S0" wnsyn="02604760-v" wnlex="verb.stative">avevo</w><w form="promesso" lemma="promettere" tag="VMP00SM" wnsyn="00884011-v" wnlex="verb.communication">promesso</w><w form="..." lemma="..." tag="Fs" wnsyn="xxx" wnlex="xxx">...</w><w form=":" lemma=":" tag="Fd" wnsyn="xxx" wnlex="xxx">:</w><w form="a" lemma="a" tag="SPS00" wnsyn="xxx" wnlex="xxx">a</w><w form="primavera" lemma="primavera" tag="NCFS000" wnsyn="15237044-n" wnlex="noun.time">primavera</w><w form="?" lemma="?" tag="Fit" wnsyn="xxx" wnlex="xxx">?</w></s></ab><ab><s><w form="E" lemma="e" tag="CC" wnsyn="xxx" wnlex="xxx">E</w><w form="di" lemma="di" tag="SPS00" wnsyn="xxx" wnlex="xxx">di</w><w form="’" lemma="’" tag="Frc" wnsyn="xxx" wnlex="xxx">’</w><w form=":" lemma=":" tag="Fd" wnsyn="xxx" wnlex="xxx">:</w><w form="non" lemma="non" tag="RG" wnsyn="00024073-r" wnlex="adv.all">non</w><w form="ti" lemma="ti" tag="PP2CSD0" wnsyn="xxx" wnlex="xxx">ti</w><w form="sembra" lemma="sembrare" tag="VMIP3S0" wnsyn="02133435-v" wnlex="verb.perception">sembra</w><w form="che" lemma="che" tag="CS" wnsyn="xxx" wnlex="xxx">che</w><w form="se" lemma="se" tag="CS" wnsyn="xxx" wnlex="xxx">se</w><w form="non" lemma="non" tag="RG" wnsyn="00024073-r" wnlex="adv.all">non</w><w form="fossi" lemma="essere" tag="VASI1S0" wnsyn="00120316-v" wnlex="verb.change">fossi</w><w form="venuta" lemma="venire" tag="VMP00SF" wnsyn="00149583-v" wnlex="verb.change">venuta</w><w form="in" lemma="in" tag="SPS00" wnsyn="xxx" wnlex="xxx">in</w><w form="un" lemma="un" tag="DA0MS0" wnsyn="xxx" wnlex="xxx">un</w><w form="giorno" lemma="giorno" tag="NCMS000" wnsyn="15155220-n" wnlex="noun.time">giorno</w><w form="così" lemma="così" tag="RG" wnsyn="00146594-r" wnlex="adv.all">così</w><w form="bello" lemma="bello" tag="AQ0MS00" wnsyn="00624026-a" wnlex="adj.all">bello</w><w form="la" lemma="la" tag="DA0FS0" wnsyn="xxx" wnlex="xxx">la</w><w form="nostra" lemma="nostra" tag="AP0FS1P" wnsyn="xxx" wnlex="xxx">nostra</w><w form="felicità" lemma="felicità" tag="NCFN000" wnsyn="05829782-n" wnlex="noun.cognition">felicità</w><w form="sarebbe" lemma="essere" tag="VAIC3S0" wnsyn="00120316-v" wnlex="verb.change">sarebbe</w><w form="stata" lemma="essere" tag="VMP00SF" wnsyn="00120316-v" wnlex="verb.change">stata</w><w form="meno" lemma="meno" tag="RG" wnsyn="00099527-r" wnlex="adv.all">meno</w><w form="grande" lemma="grande" tag="AQ0CS00" wnsyn="01382086-a" wnlex="adj.all">grande</w><w form="?" lemma="?" tag="Fit" wnsyn="xxx" wnlex="xxx">?</w></s></ab><ab><s><w form="Egli" lemma="egli" tag="PP3MSN0" wnsyn="xxx" wnlex="xxx">Egli</w><w form="strinse" lemma="stringere" tag="VMIS3S0" wnsyn="00420132-v" wnlex="verb.change">strinse</w><w form="forte" lemma="forte" tag="AQ0CS00" wnsyn="00624026-a" wnlex="adj.all">forte</w><w form="la" lemma="la" tag="DA0FS0" wnsyn="xxx" wnlex="xxx">la</w><w form="bianca" lemma="bianco" tag="AQ0FS00" wnsyn="00393105-a" wnlex="adj.all">bianca</w><w form="mano" lemma="mano" tag="NCFS000" wnsyn="05564590-n" wnlex="noun.body">mano</w><w form="." lemma="." tag="Fp" wnsyn="xxx" wnlex="xxx">.</w><w form="—" lemma="—" tag="Fz" wnsyn="xxx" wnlex="xxx">—</w><w form="Sei" lemma="essere" tag="VAIP2S0" wnsyn="00120316-v" wnlex="verb.change">Sei</w><w form="mia" lemma="mia" tag="AP0FS1S" wnsyn="xxx" wnlex="xxx">mia</w><w form="!" lemma="!" tag="Fat" wnsyn="xxx" wnlex="xxx">!</w></s></ab><ab><s><w form="E" lemma="e" tag="CC" wnsyn="xxx" wnlex="xxx">E</w><w form="lei" lemma="lei" tag="PP3FS00" wnsyn="xxx" wnlex="xxx">lei</w><w form=":" lemma=":" tag="Fd" wnsyn="xxx" wnlex="xxx">:</w><w form="—" lemma="—" tag="Fz" wnsyn="xxx" wnlex="xxx">—</w><w form="Quanto" lemma="quanto" tag="NP00000" wnsyn="xxx" wnlex="xxx">Quanto</w><w form="bene" lemma="bene" tag="RG" wnsyn="00011093-r" wnlex="adv.all">bene</w><w form="mi" lemma="mi" tag="PP1CSD0" wnsyn="xxx" wnlex="xxx">mi</w><w form="vuoi" lemma="volere" tag="VMIP2S0" wnsyn="02627934-v" wnlex="verb.stative">vuoi</w><w form="!" lemma="!" tag="Fat" wnsyn="xxx" wnlex="xxx">!</w></s></ab><ab><s><w form="Di" lemma="di" tag="SPS00" wnsyn="xxx" wnlex="xxx">Di</w><w form="nuovo" lemma="nuovo" tag="NCMS000" wnsyn="10355688-n" wnlex="noun.person">nuovo</w><w form="tacquero" lemma="tacere" tag="VMIS3P0" wnsyn="01041061-v" wnlex="verb.communication">tacquero</w><w form="cedendo" lemma="cedere" tag="VMG0000" wnsyn="01989053-v" wnlex="verb.motion">cedendo</w><w form="alla" lemma="alla" tag="SPCFS" wnsyn="xxx" wnlex="xxx">alla</w><w form="dolcezza" lemma="dolcezza" tag="NCFS000" wnsyn="05615869-n" wnlex="noun.cognition">dolcezza</w><w form="di" lemma="di" tag="SPS00" wnsyn="xxx" wnlex="xxx">di</w><w form="quell" lemma="quell" tag="NCMN000" wnsyn="xxx" wnlex="xxx">quell</w><w form="’" lemma="’" tag="Frc" wnsyn="xxx" wnlex="xxx">’</w><w form="ora" lemma="ora" tag="RG" wnsyn="00048739-r" wnlex="adv.all">ora</w><w form="," lemma="," tag="Fc" wnsyn="xxx" wnlex="xxx">,</w><w form="in" lemma="in" tag="SPS00" wnsyn="xxx" wnlex="xxx">in</w><w form="quella" lemma="quello" tag="DD0FS0" wnsyn="xxx" wnlex="xxx">quella</w><w form="solitudine" lemma="solitudine" tag="NCFS000" wnsyn="04622415-n" wnlex="noun.attribute">solitudine</w><w form="e" lemma="e" tag="CC" wnsyn="xxx" wnlex="xxx">e</w><w form="nel" lemma="nel" tag="SPCMS" wnsyn="xxx" wnlex="xxx">nel</w><w form="silenzio" lemma="silenzio" tag="NCMS000" wnsyn="04982207-n" wnlex="noun.attribute">silenzio</w><w form="che" lemma="che" tag="PT00000" wnsyn="xxx" wnlex="xxx">che</w><w form="solo" lemma="solo" tag="RG" wnsyn="00004722-r" wnlex="adv.all">solo</w><w form="qualche" lemma="qualche" tag="DI0CS0" wnsyn="xxx" wnlex="xxx">qualche</w><w form="pigolìo" lemma="pigolìo" tag="NCMS000" wnsyn="xxx" wnlex="xxx">pigolìo</w><w form="interrompeva" lemma="interrompere" tag="VMII3S0" wnsyn="02680814-v" wnlex="verb.stative">interrompeva</w><w form="," lemma="," tag="Fc" wnsyn="xxx" wnlex="xxx">,</w><w form="o" lemma="o" tag="CC" wnsyn="xxx" wnlex="xxx">o</w><w form="qualche" lemma="qualche" tag="DI0CS0" wnsyn="xxx" wnlex="xxx">qualche</w><w form="canto" lemma="canto" tag="NCMS000" wnsyn="07028373-n" wnlex="noun.communication">canto</w><w form="lontano" lemma="lontano" tag="AQ0MS00" wnsyn="00697389-a" wnlex="adj.all">lontano</w><w form="." lemma="." tag="Fp" wnsyn="xxx" wnlex="xxx">.</w></s></ab><ab><s><w form="Il" lemma="il" tag="DA0MS0" wnsyn="xxx" wnlex="xxx">Il</w><w form="profumo" lemma="profumo" tag="NCMS000" wnsyn="05713737-n" wnlex="noun.cognition">profumo</w><w form="dei" lemma="del" tag="SPCMP" wnsyn="xxx" wnlex="xxx">dei</w><w form="fiori" lemma="fiore" tag="NCMP000" wnsyn="11669335-n" wnlex="noun.plant">fiori</w><w form="lontani" lemma="lontano" tag="AQ0MP00" wnsyn="00697389-a" wnlex="adj.all">lontani</w><w form="perveniva" lemma="pervenire" tag="VMII3S0" wnsyn="xxx" wnlex="xxx">perveniva</w><w form="fin" lemma="fin" tag="SPS00" wnsyn="xxx" wnlex="xxx">fin</w><w form="troppo" lemma="troppo" tag="RG" wnsyn="00047392-r" wnlex="adv.all">troppo</w><w form="greve" lemma="greve" tag="AQ0CS00" wnsyn="xxx" wnlex="xxx">greve</w><w form="." lemma="." tag="Fp" wnsyn="xxx" wnlex="xxx">.</w></s></ab><ab><s><w form="A" lemma="a" tag="SPS00" wnsyn="xxx" wnlex="xxx">A</w><w form="quando" lemma="quando" tag="PT00000" wnsyn="xxx" wnlex="xxx">quando</w><w form="a" lemma="a" tag="SPS00" wnsyn="xxx" wnlex="xxx">a</w><w form="quando" lemma="quando" tag="PT00000" wnsyn="xxx" wnlex="xxx">quando</w><w form="un" lemma="un" tag="DA0MS0" wnsyn="xxx" wnlex="xxx">un</w><w form="murmure" lemma="murmure" tag="NCFP000" wnsyn="01260008-n" wnlex="noun.act">murmure</w><w form="fra" lemma="fra" tag="SPS00" wnsyn="xxx" wnlex="xxx">fra</w><w form="il" lemma="il" tag="DA0MS0" wnsyn="xxx" wnlex="xxx">il</w><w form="canneto" lemma="canneto" tag="NCMS000" wnsyn="08437847-n" wnlex="noun.group">canneto</w><w form="." lemma="." tag="Fp" wnsyn="xxx" wnlex="xxx">.</w></s></ab><ab><s><w form="D" lemma="d" tag="NP00000" wnsyn="xxx" wnlex="xxx">D</w><w form="’" lemma="’" tag="Frc" wnsyn="xxx" wnlex="xxx">’</w><w form="improvviso" lemma="improvviso" tag="AQ0MS00" wnsyn="01143279-a" wnlex="adj.all">improvviso</w><w form="l" lemma="l" tag="NCMN000" wnsyn="13624190-n" wnlex="noun.quantity">l</w><w form="’" lemma="’" tag="Frc" wnsyn="xxx" wnlex="xxx">’</w><w form="amata" lemma="amare" tag="VMP00SF" wnsyn="01775164-v" wnlex="verb.emotion">amata</w><w form="chiese" lemma="chiesa" tag="NCFP000" wnsyn="08082602-n" wnlex="noun.group">chiese</w><w form="a" lemma="a" tag="SPS00" wnsyn="xxx" wnlex="xxx">a</w><w form="bassa" lemma="basso" tag="AQ0FS00" wnsyn="01212469-a" wnlex="adj.all">bassa</w><w form="voce" lemma="voce" tag="NCCS000" wnsyn="04981941-n" wnlex="noun.attribute">voce</w><w form=":" lemma=":" tag="Fd" wnsyn="xxx" wnlex="xxx">:</w><w form="—" lemma="—" tag="Fz" wnsyn="xxx" wnlex="xxx">—</w><w form="Hai" lemma="hai" tag="NP00000" wnsyn="xxx" wnlex="xxx">Hai</w><w form="sentito" lemma="sentire" tag="VMP00SM" wnsyn="02169702-v" wnlex="verb.perception">sentito</w><w form="?" lemma="?" tag="Fit" wnsyn="xxx" wnlex="xxx">?</w></s></ab><ab><s><w form="Si" lemma="si" tag="PP3CN00" wnsyn="xxx" wnlex="xxx">Si</w><w form="rivolse" lemma="rivolgere" tag="VMIS3S0" wnsyn="02089984-v" wnlex="verb.motion">rivolse</w><w form="a" lemma="a" tag="SPS00" wnsyn="xxx" wnlex="xxx">a</w><w form="rimuover" lemma="rimuovere" tag="VMN0000" wnsyn="00173338-v" wnlex="verb.change">rimuover</w><w form="le" lemma="la" tag="DA0FP0" wnsyn="xxx" wnlex="xxx">le</w><w form="fronde" lemma="fronda" tag="NCFP000" wnsyn="00962129-n" wnlex="noun.act">fronde</w><w form="e" lemma="e" tag="CC" wnsyn="xxx" wnlex="xxx">e</w><w form="gli" lemma="il" tag="DA0MP0" wnsyn="xxx" wnlex="xxx">gli</w><w form="esili" lemma="esile" tag="AQ0CP00" wnsyn="xxx" wnlex="xxx">esili</w><w form="fusti" lemma="fusto" tag="NCMP000" wnsyn="13129165-n" wnlex="noun.plant">fusti</w><w form="più" lemma="più" tag="RG" wnsyn="00040365-r" wnlex="adv.all">più</w><w form="prossimi" lemma="prossimo" tag="AQ0MP00" wnsyn="00444519-a" wnlex="adj.all">prossimi</w><w form=";" lemma=";" tag="Fx" wnsyn="xxx" wnlex="xxx">;</w><w form="volle" lemma="volere" tag="VMIS3S0" wnsyn="02627934-v" wnlex="verb.stative">volle</w><w form="ch" lemma="ch" tag="NCMN000" wnsyn="xxx" wnlex="xxx">ch</w><w form="’" lemma="’" tag="Frc" wnsyn="xxx" wnlex="xxx">’</w><w form="egli" lemma="egli" tag="PP3MSN0" wnsyn="xxx" wnlex="xxx">egli</w><w form="avanzasse" lemma="avanzare" tag="VMSI3S0" wnsyn="01992503-v" wnlex="verb.motion">avanzasse</w><w form="la" lemma="la" tag="DA0FS0" wnsyn="xxx" wnlex="xxx">la</w><w form="barca" lemma="barca" tag="NCFS000" wnsyn="02858304-n" wnlex="noun.artifact">barca</w><w form="a" lemma="a" tag="SPS00" wnsyn="xxx" wnlex="xxx">a</w><w form="quella" lemma="quello" tag="DD0FS0" wnsyn="xxx" wnlex="xxx">quella</w><w form="parte" lemma="parte" tag="NCFS000" wnsyn="05220461-n" wnlex="noun.body">parte</w><w form="," lemma="," tag="Fc" wnsyn="xxx" wnlex="xxx">,</w><w form="per" lemma="per" tag="SPS00" wnsyn="xxx" wnlex="xxx">per</w><w form="veder" lemma="vedere" tag="VMN0000" wnsyn="00690614-v" wnlex="verb.cognition">veder</w><w form="meglio" lemma="meglio" tag="RG" wnsyn="00059607-r" wnlex="adv.all">meglio</w><w form="nel" lemma="nel" tag="SPCMS" wnsyn="xxx" wnlex="xxx">nel</w><w form="folto" lemma="folto" tag="AQ0MS00" wnsyn="xxx" wnlex="xxx">folto</w><w form="." lemma="." tag="Fp" wnsyn="xxx" wnlex="xxx">.</w><w form="—" lemma="—" tag="Fz" wnsyn="xxx" wnlex="xxx">—</w><w form="Là" lemma="là" tag="NP00000" wnsyn="xxx" wnlex="xxx">Là</w><w form="!" lemma="!" tag="Fat" wnsyn="xxx" wnlex="xxx">!</w><w form="—" lemma="—" tag="Fz" wnsyn="xxx" wnlex="xxx">—</w><w form="dissero" lemma="dire" tag="VMIS3P0" wnsyn="01009240-v" wnlex="verb.communication">dissero</w><w form="a" lemma="a" tag="SPS00" wnsyn="xxx" wnlex="xxx">a</w><w form="una" lemma="una" tag="PI0FS00" wnsyn="xxx" wnlex="xxx">una</w><w form="voce" lemma="voce" tag="NCCS000" wnsyn="04981941-n" wnlex="noun.attribute">voce</w><w form="." lemma="." tag="Fp" wnsyn="xxx" wnlex="xxx">.</w></s></ab><ab><s><w form="A" lemma="a" tag="SPS00" wnsyn="xxx" wnlex="xxx">A</w><w form="limite" lemma="limite" tag="NCMS000" wnsyn="08512259-n" wnlex="noun.location">limite</w><w form="dell" lemma="dell" tag="NCMN000" wnsyn="xxx" wnlex="xxx">dell</w><w form="’" lemma="’" tag="Frc" wnsyn="xxx" wnlex="xxx">’</w><w form="acqua" lemma="acqua" tag="NCFS000" wnsyn="09225146-n" wnlex="noun.object">acqua</w><w form="," lemma="," tag="Fc" wnsyn="xxx" wnlex="xxx">,</w><w form="poggiato" lemma="poggiare" tag="VMP00SM" wnsyn="01610101-v" wnlex="verb.contact">poggiato</w><w form="sui" lemma="sul" tag="SPCMP" wnsyn="xxx" wnlex="xxx">sui</w><w form="giunchi" lemma="giunco" tag="NCMP000" wnsyn="11743294-n" wnlex="noun.plant">giunchi</w><w form="che" lemma="che" tag="CS" wnsyn="xxx" wnlex="xxx">che</w><w form="il" lemma="il" tag="DA0MS0" wnsyn="xxx" wnlex="xxx">il</w><w form="peso" lemma="peso" tag="NCMS000" wnsyn="04571088-n" wnlex="noun.artifact">peso</w><w form="piegava" lemma="piegare" tag="VMII3S0" wnsyn="02035919-v" wnlex="verb.motion">piegava</w><w form="," lemma="," tag="Fc" wnsyn="xxx" wnlex="xxx">,</w><w form="era" lemma="essere" tag="VMII3S0" wnsyn="00120316-v" wnlex="verb.change">era</w><w form="un" lemma="un" tag="DA0MS0" wnsyn="xxx" wnlex="xxx">un</w><w form="nido" lemma="nido" tag="NCMS000" wnsyn="09369169-n" wnlex="noun.object">nido</w><w form="di" lemma="di" tag="SPS00" wnsyn="xxx" wnlex="xxx">di</w><w form="folaghe" lemma="folaghe" tag="AQ0FP00" wnsyn="xxx" wnlex="xxx">folaghe</w><w form="." lemma="." tag="Fp" wnsyn="xxx" wnlex="xxx">.</w></s></ab><ab><s><w form="Avanzando" lemma="avanzare" tag="VMG0000" wnsyn="01992503-v" wnlex="verb.motion">Avanzando</w><w form="ancora" lemma="ancora" tag="RG" wnsyn="00040365-r" wnlex="adv.all">ancora</w><w form="la" lemma="la" tag="DA0FS0" wnsyn="xxx" wnlex="xxx">la</w><w form="barca" lemma="barca" tag="NCFS000" wnsyn="02858304-n" wnlex="noun.artifact">barca</w><w form="," lemma="," tag="Fc" wnsyn="xxx" wnlex="xxx">,</w><w form="ecco" lemma="ecco" tag="RG" wnsyn="xxx" wnlex="xxx">ecco</w><w form="balzar" lemma="balzare" tag="VMN0000" wnsyn="01963942-v" wnlex="verb.motion">balzar</w><w form="dal" lemma="dal" tag="SPCMS" wnsyn="xxx" wnlex="xxx">dal</w><w form="nido" lemma="nido" tag="AQ0MS00" wnsyn="xxx" wnlex="xxx">nido</w><w form="nell" lemma="nell" tag="NCMN000" wnsyn="xxx" wnlex="xxx">nell</w><w form="’" lemma="’" tag="Frc" wnsyn="xxx" wnlex="xxx">’</w><w form="acqua" lemma="acqua" tag="NCFS000" wnsyn="09225146-n" wnlex="noun.object">acqua</w><w form="," lemma="," tag="Fc" wnsyn="xxx" wnlex="xxx">,</w><w form="con" lemma="con" tag="SPS00" wnsyn="xxx" wnlex="xxx">con</w><w form="un" lemma="un" tag="DA0MS0" wnsyn="xxx" wnlex="xxx">un</w><w form="doloroso" lemma="doloroso" tag="AQ0MS00" wnsyn="01711071-a" wnlex="adj.all">doloroso</w><w form="richiamo" lemma="richiamo" tag="NCMS000" wnsyn="06711855-n" wnlex="noun.communication">richiamo</w><w form="," lemma="," tag="Fc" wnsyn="xxx" wnlex="xxx">,</w><w form="la" lemma="la" tag="DA0FS0" wnsyn="xxx" wnlex="xxx">la</w><w form="folaga" lemma="folaga" tag="NCFS000" wnsyn="02018027-n" wnlex="noun.animal">folaga</w><w form="spaurita" lemma="spaurito" tag="AQ0FS00" wnsyn="xxx" wnlex="xxx">spaurita</w><w form=";" lemma=";" tag="Fx" wnsyn="xxx" wnlex="xxx">;</w><w form="e" lemma="e" tag="CC" wnsyn="xxx" wnlex="xxx">e</w><w form="si" lemma="si" tag="PP3CN00" wnsyn="xxx" wnlex="xxx">si</w><w form="levò" lemma="levare" tag="VMIS3S0" wnsyn="00173338-v" wnlex="verb.change">levò</w><w form="a" lemma="a" tag="SPS00" wnsyn="xxx" wnlex="xxx">a</w><w form="svolazzare" lemma="svolazzare" tag="VMN0000" wnsyn="01899891-v" wnlex="verb.motion">svolazzare</w><w form="su" lemma="su" tag="SPS00" wnsyn="xxx" wnlex="xxx">su</w><w form="l" lemma="l" tag="NCMN000" wnsyn="13624190-n" wnlex="noun.quantity">l</w><w form="’" lemma="’" tag="Frc" wnsyn="xxx" wnlex="xxx">’</w><w form="acqua" lemma="acqua" tag="NCFS000" wnsyn="09225146-n" wnlex="noun.object">acqua</w><w form="intorno" lemma="intorno" tag="RG" wnsyn="00071840-r" wnlex="adv.all">intorno</w><w form="chiamando" lemma="chiamare" tag="VMG0000" wnsyn="00971015-v" wnlex="verb.communication">chiamando</w><w form="disperatamente" lemma="disperatamente" tag="RG" wnsyn="00072849-r" wnlex="adv.all">disperatamente</w><w form="il" lemma="il" tag="DA0MS0" wnsyn="xxx" wnlex="xxx">il</w><w form="compagno" lemma="compagno" tag="NCMS000" wnsyn="09945905-n" wnlex="noun.person">compagno</w><w form="." lemma="." tag="Fp" wnsyn="xxx" wnlex="xxx">.</w></s></ab><ab><s><w form="Più" lemma="più" tag="RG" wnsyn="00040365-r" wnlex="adv.all">Più</w><w form="nero" lemma="nero" tag="AQ0MS00" wnsyn="00392812-a" wnlex="adj.all">nero</w><w form="," lemma="," tag="Fc" wnsyn="xxx" wnlex="xxx">,</w><w form="con" lemma="con" tag="SPS00" wnsyn="xxx" wnlex="xxx">con</w><w form="un" lemma="un" tag="DA0MS0" wnsyn="xxx" wnlex="xxx">un</w><w form="cóvv" lemma="cóvv" tag="NCCN000" wnsyn="xxx" wnlex="xxx">cóvv</w><w form="minaccioso" lemma="minaccioso" tag="AQ0MS00" wnsyn="00193015-a" wnlex="adj.all">minaccioso</w><w form="," lemma="," tag="Fc" wnsyn="xxx" wnlex="xxx">,</w><w form="il" lemma="il" tag="DA0MS0" wnsyn="xxx" wnlex="xxx">il</w><w form="maschio" lemma="maschio" tag="NCMS000" wnsyn="10287213-n" wnlex="noun.person">maschio</w><w form="giunse" lemma="giungere" tag="VMIS3S0" wnsyn="xxx" wnlex="xxx">giunse</w><w form="," lemma="," tag="Fc" wnsyn="xxx" wnlex="xxx">,</w><w form="dalla" lemma="dalla" tag="SPCFS" wnsyn="xxx" wnlex="xxx">dalla</w><w form="macchia" lemma="macchia" tag="NCFS000" wnsyn="04695176-n" wnlex="noun.attribute">macchia</w><w form=";" lemma=";" tag="Fx" wnsyn="xxx" wnlex="xxx">;</w><w form="cadde" lemma="cadere" tag="VMIS3S0" wnsyn="01970826-v" wnlex="verb.motion">cadde</w><w form="di" lemma="di" tag="SPS00" wnsyn="xxx" wnlex="xxx">di</w><w form="volo" lemma="volo" tag="NCMS000" wnsyn="00302394-n" wnlex="noun.act">volo</w><w form="," lemma="," tag="Fc" wnsyn="xxx" wnlex="xxx">,</w><w form="lì" lemma="lì" tag="RG" wnsyn="xxx" wnlex="xxx">lì</w><w form="appresso" lemma="appresso" tag="AQ0MS00" wnsyn="xxx" wnlex="xxx">appresso</w><w form=";" lemma=";" tag="Fx" wnsyn="xxx" wnlex="xxx">;</w><w form="ma" lemma="ma" tag="CC" wnsyn="xxx" wnlex="xxx">ma</w><w form="a" lemma="a" tag="SPS00" wnsyn="xxx" wnlex="xxx">a</w><w form="scorgere" lemma="scorgere" tag="VMN0000" wnsyn="02119470-v" wnlex="verb.perception">scorgere</w><w form="il" lemma="il" tag="DA0MS0" wnsyn="xxx" wnlex="xxx">il</w><w form="pericolo" lemma="pericolo" tag="NCMS000" wnsyn="14540765-n" wnlex="noun.state">pericolo</w><w form="enorme" lemma="enorme" tag="AQ0CS00" wnsyn="01387319-a" wnlex="adj.all">enorme</w><w form="si" lemma="si" tag="PP3CN00" wnsyn="xxx" wnlex="xxx">si</w><w form="mise" lemma="mettere" tag="VMIS3S0" wnsyn="00120316-v" wnlex="verb.change">mise</w><w form="a" lemma="a" tag="SPS00" wnsyn="xxx" wnlex="xxx">a</w><w form="correre" lemma="correre" tag="VMN0000" wnsyn="00459498-v" wnlex="verb.change">correre</w><w form="per" lemma="per" tag="SPS00" wnsyn="xxx" wnlex="xxx">per</w><w form="terra" lemma="terra" tag="NCFS000" wnsyn="08630985-n" wnlex="noun.location">terra</w><w form="," lemma="," tag="Fc" wnsyn="xxx" wnlex="xxx">,</w><w form="con" lemma="con" tag="SPS00" wnsyn="xxx" wnlex="xxx">con</w><w form="tal" lemma="tale" tag="DD0CS0" wnsyn="xxx" wnlex="xxx">tal</w><w form="fretta" lemma="fretta" tag="NCFS000" wnsyn="14451189-n" wnlex="noun.state">fretta</w><w form="e" lemma="e" tag="CC" wnsyn="xxx" wnlex="xxx">e</w><w form="con" lemma="con" tag="SPS00" wnsyn="xxx" wnlex="xxx">con</w><w form="tanta" lemma="tanto" tag="DI0FS0" wnsyn="xxx" wnlex="xxx">tanta</w><w form="smania" lemma="smania" tag="NCFS000" wnsyn="07513795-n" wnlex="noun.feeling">smania</w><w form="di" lemma="di" tag="SPS00" wnsyn="xxx" wnlex="xxx">di</w><w form="fughe" lemma="fuga" tag="NCFP000" wnsyn="00058743-n" wnlex="noun.act">fughe</w><w form="e" lemma="e" tag="CC" wnsyn="xxx" wnlex="xxx">e</w><w form="ritorni" lemma="ritorno" tag="NCMP000" wnsyn="00051192-n" wnlex="noun.act">ritorni</w><w form="che" lemma="che" tag="PT00000" wnsyn="xxx" wnlex="xxx">che</w><w form="pareva" lemma="parere" tag="VMII3S0" wnsyn="02133435-v" wnlex="verb.perception">pareva</w><w form="impazzito" lemma="impazzire" tag="VMP00SM" wnsyn="xxx" wnlex="xxx">impazzito</w><w form="." lemma="." tag="Fp" wnsyn="xxx" wnlex="xxx">.</w><w form="—" lemma="—" tag="Fz" wnsyn="xxx" wnlex="xxx">—</w><w form="Povere" lemma="povere" tag="NP00000" wnsyn="xxx" wnlex="xxx">Povere</w><w form="creature" lemma="creatura" tag="NCFP000" wnsyn="09827683-n" wnlex="noun.person">creature</w><w form="!" lemma="!" tag="Fat" wnsyn="xxx" wnlex="xxx">!</w><w form="—" lemma="—" tag="Fz" wnsyn="xxx" wnlex="xxx">—</w><w form="disse" lemma="dire" tag="VMIS3S0" wnsyn="01009240-v" wnlex="verb.communication">disse</w><w form="la" lemma="la" tag="DA0FS0" wnsyn="xxx" wnlex="xxx">la</w><w form="signora" lemma="signora" tag="NCFS000" wnsyn="10787470-n" wnlex="noun.person">signora</w><w form="." lemma="." tag="Fp" wnsyn="xxx" wnlex="xxx">.</w></s></ab><ab><s><w form="Nè" lemma="nè" tag="CC" wnsyn="xxx" wnlex="xxx">Nè</w><w form="volle" lemma="volere" tag="VDIS3S0" wnsyn="02627934-v" wnlex="verb.stative">volle</w><w form="affligger" lemma="affliggere" tag="VMN0000" wnsyn="xxx" wnlex="xxx">affligger</w><w form="le" lemma="le" tag="PP3FNA0" wnsyn="xxx" wnlex="xxx">le</w><w form="a" lemma="a" tag="SPS00" wnsyn="xxx" wnlex="xxx">a</w><w form="lungo" lemma="lungo" tag="AQ0MS00" wnsyn="01433493-a" wnlex="adj.all">lungo</w><w form="." lemma="." tag="Fp" wnsyn="xxx" wnlex="xxx">.</w></s></ab><ab><s><w form="Anzi" lemma="anzi" tag="RG" wnsyn="00170412-r" wnlex="adv.all">Anzi</w><w form="," lemma="," tag="Fc" wnsyn="xxx" wnlex="xxx">,</w><w form="poi" lemma="poi" tag="RG" wnsyn="00117620-r" wnlex="adv.all">poi</w><w form="ch" lemma="ch" tag="NCMN000" wnsyn="xxx" wnlex="xxx">ch</w><w form="’" lemma="’" tag="Frc" wnsyn="xxx" wnlex="xxx">’</w><w form="ebbe" lemma="avere" tag="VMIS3S0" wnsyn="02604760-v" wnlex="verb.stative">ebbe</w><w form="visto" lemma="visto" tag="NCMS000" wnsyn="06687883-n" wnlex="noun.communication">visto</w><w form="da" lemma="da" tag="SPS00" wnsyn="xxx" wnlex="xxx">da</w><w form="vicino" lemma="vicino" tag="AQ0MS00" wnsyn="00444519-a" wnlex="adj.all">vicino</w><w form="il" lemma="il" tag="DA0MS0" wnsyn="xxx" wnlex="xxx">il</w><w form="nido" lemma="nido" tag="NCMS000" wnsyn="09369169-n" wnlex="noun.object">nido</w><w form="mirabilmente" lemma="mirabilmente" tag="RG" wnsyn="00218886-r" wnlex="adv.all">mirabilmente</w><w form="contesto" lemma="contesto" tag="NCMS000" wnsyn="14512817-n" wnlex="noun.state">contesto</w><w form="di" lemma="di" tag="SPS00" wnsyn="xxx" wnlex="xxx">di</w><w form="cannucce" lemma="cannucce" tag="NCFP000" wnsyn="xxx" wnlex="xxx">cannucce</w><w form="e" lemma="e" tag="CC" wnsyn="xxx" wnlex="xxx">e</w><w form="ciperacee" lemma="ciperacee" tag="NCFP000" wnsyn="xxx" wnlex="xxx">ciperacee</w><w form="e" lemma="e" tag="CC" wnsyn="xxx" wnlex="xxx">e</w><w form="steli" lemma="stelo" tag="NCMP000" wnsyn="13129165-n" wnlex="noun.plant">steli</w><w form=":" lemma=":" tag="Fd" wnsyn="xxx" wnlex="xxx">:</w><w form="—" lemma="—" tag="Fz" wnsyn="xxx" wnlex="xxx">—</w><w form="Andiamo" lemma="andiamo" tag="NP00000" wnsyn="xxx" wnlex="xxx">Andiamo</w><w form="via" lemma="via" tag="NCCS000" wnsyn="04096066-n" wnlex="noun.artifact">via</w><w form="!" lemma="!" tag="Fat" wnsyn="xxx" wnlex="xxx">!</w><w form="—" lemma="—" tag="Fz" wnsyn="xxx" wnlex="xxx">—</w><w form="pregava" lemma="pregare" tag="VMII3S0" wnsyn="00759944-v" wnlex="verb.communication">pregava</w><w form="." lemma="." tag="Fp" wnsyn="xxx" wnlex="xxx">.</w></s></ab><ab><s><w form="Una" lemma="una" tag="PI0FS00" wnsyn="xxx" wnlex="xxx">Una</w><w form="strana" lemma="strano" tag="AQ0FS00" wnsyn="00490035-a" wnlex="adj.all">strana</w><w form="ripugnanza" lemma="ripugnanza" tag="NCFS000" wnsyn="07502669-n" wnlex="noun.feeling">ripugnanza</w><w form="la" lemma="la" tag="PP3FSA0" wnsyn="xxx" wnlex="xxx">la</w><w form="trattenne" lemma="trattenere" tag="VMIS3S0" wnsyn="02283324-v" wnlex="verb.possession">trattenne</w><w form="dall" lemma="dall" tag="NCMN000" wnsyn="xxx" wnlex="xxx">dall</w><w form="’" lemma="’" tag="Frc" wnsyn="xxx" wnlex="xxx">’</w><w form="osservare" lemma="osservare" tag="VMN0000" wnsyn="02455407-v" wnlex="verb.social">osservare</w><w form="dentro" lemma="dentro" tag="RG" wnsyn="00110815-r" wnlex="adv.all">dentro</w><w form="il" lemma="il" tag="DA0MS0" wnsyn="xxx" wnlex="xxx">il</w><w form="nido" lemma="nido" tag="NCMS000" wnsyn="09369169-n" wnlex="noun.object">nido</w><w form="." lemma="." tag="Fp" wnsyn="xxx" wnlex="xxx">.</w><w form="—" lemma="—" tag="Fz" wnsyn="xxx" wnlex="xxx">—</w><w form="Che" lemma="che" tag="NP00000" wnsyn="xxx" wnlex="xxx">Che</w><w form="impressione" lemma="impressione" tag="NCFS000" wnsyn="05916739-n" wnlex="noun.cognition">impressione</w><w form="strana" lemma="strano" tag="AQ0FS00" wnsyn="00490035-a" wnlex="adj.all">strana</w><w form="!" lemma="!" tag="Fat" wnsyn="xxx" wnlex="xxx">!</w><w form="—" lemma="—" tag="Fz" wnsyn="xxx" wnlex="xxx">—</w><w form="mormorò" lemma="mormorare" tag="VMIS3S0" wnsyn="00915830-v" wnlex="verb.communication">mormorò</w><w form="intanto" lemma="intanto" tag="RG" wnsyn="00064946-r" wnlex="adv.all">intanto</w><w form="che" lemma="che" tag="CS" wnsyn="xxx" wnlex="xxx">che</w><w form="la" lemma="la" tag="DA0FS0" wnsyn="xxx" wnlex="xxx">la</w><w form="barca" lemma="barca" tag="NCFS000" wnsyn="02858304-n" wnlex="noun.artifact">barca</w><w form="ritornava" lemma="ritornare" tag="VMII3S0" wnsyn="02004874-v" wnlex="verb.motion">ritornava</w><w form="all" lemma="all" tag="NCMN000" wnsyn="xxx" wnlex="xxx">all</w><w form="’" lemma="’" tag="Frc" wnsyn="xxx" wnlex="xxx">’</w><w form="aperto" lemma="aperto" tag="AQ0MS00" wnsyn="01652380-a" wnlex="adj.all">aperto</w><w form="." lemma="." tag="Fp" wnsyn="xxx" wnlex="xxx">.</w><w form="—" lemma="—" tag="Fz" wnsyn="xxx" wnlex="xxx">—</w><w form="Tu" lemma="tu" tag="NP00000" wnsyn="xxx" wnlex="xxx">Tu</w><w form="vedessi" lemma="vedere" tag="VMSI2S0" wnsyn="00690614-v" wnlex="verb.cognition">vedessi</w><w form="i" lemma="il" tag="DA0MP0" wnsyn="xxx" wnlex="xxx">i</w><w form="piccini" lemma="piccino" tag="NCMP000" wnsyn="09827683-n" wnlex="noun.person">piccini</w><w form="gettar" lemma="gettare" tag="VMN0000" wnsyn="xxx" wnlex="xxx">gettar</w><w form="si" lemma="si" tag="PP3CN00" wnsyn="xxx" wnlex="xxx">si</w><w form="nell" lemma="nell" tag="NCMN000" wnsyn="xxx" wnlex="xxx">nell</w><w form="’" lemma="’" tag="Frc" wnsyn="xxx" wnlex="xxx">’</w><w form="acqua" lemma="acqua" tag="NCFS000" wnsyn="09225146-n" wnlex="noun.object">acqua</w><w form="appena" lemma="appena" tag="RG" wnsyn="00002621-r" wnlex="adv.all">appena</w><w form="nati" lemma="natio" tag="AQ0MP00" wnsyn="xxx" wnlex="xxx">nati</w><w form="!" lemma="!" tag="Fat" wnsyn="xxx" wnlex="xxx">!</w><w form="—" lemma="—" tag="Fz" wnsyn="xxx" wnlex="xxx">—</w><w form="diceva" lemma="dire" tag="VMII3S0" wnsyn="01009240-v" wnlex="verb.communication">diceva</w><w form="l" lemma="l" tag="NCMN000" wnsyn="13624190-n" wnlex="noun.quantity">l</w><w form="’" lemma="’" tag="Frc" wnsyn="xxx" wnlex="xxx">’</w><w form="amante" lemma="amante" tag="AQ0CS00" wnsyn="xxx" wnlex="xxx">amante</w><w form="." lemma="." tag="Fp" wnsyn="xxx" wnlex="xxx">.</w></s></ab><ab><s><w form="E" lemma="e" tag="CC" wnsyn="xxx" wnlex="xxx">E</w><w form="raccontava" lemma="raccontare" tag="VMII3S0" wnsyn="01009240-v" wnlex="verb.communication">raccontava</w><w form="della" lemma="della" tag="SPCFS" wnsyn="xxx" wnlex="xxx">della</w><w form="caccia" lemma="caccia" tag="NCCS000" wnsyn="00945401-n" wnlex="noun.act">caccia</w><w form="feroce" lemma="feroce" tag="AQ0CS00" wnsyn="xxx" wnlex="xxx">feroce</w><w form="che" lemma="che" tag="PT00000" wnsyn="xxx" wnlex="xxx">che</w><w form="danno" lemma="dannare" tag="VMIP1S0" wnsyn="xxx" wnlex="xxx">danno</w><w form="alle" lemma="alla" tag="SPCFP" wnsyn="xxx" wnlex="xxx">alle</w><w form="piccole" lemma="piccolo" tag="AQ0FP00" wnsyn="01391351-a" wnlex="adj.all">piccole</w><w form="folaghe" lemma="folaghe" tag="AQ0FP00" wnsyn="xxx" wnlex="xxx">folaghe</w><w form="i" lemma="il" tag="DA0MP0" wnsyn="xxx" wnlex="xxx">i</w><w form="falchi" lemma="falco" tag="NCMP000" wnsyn="01605630-n" wnlex="noun.animal">falchi</w><w form="di" lemma="di" tag="SPS00" wnsyn="xxx" wnlex="xxx">di</w><w form="palude" lemma="palude" tag="NCFS000" wnsyn="09347779-n" wnlex="noun.object">palude</w><w form="." lemma="." tag="Fp" wnsyn="xxx" wnlex="xxx">.</w></s></ab><ab><s><w form="Ma" lemma="ma" tag="CC" wnsyn="xxx" wnlex="xxx">Ma</w><w form="la" lemma="la" tag="DA0FS0" wnsyn="xxx" wnlex="xxx">la</w><w form="sua" lemma="sua" tag="AP0FS3S" wnsyn="xxx" wnlex="xxx">sua</w><w form="voce" lemma="voce" tag="NCCS000" wnsyn="04981941-n" wnlex="noun.attribute">voce</w><w form="non" lemma="non" tag="RG" wnsyn="00024073-r" wnlex="adv.all">non</w><w form="aveva" lemma="avere" tag="VMII3S0" wnsyn="02604760-v" wnlex="verb.stative">aveva</w><w form="pietà" lemma="pietà" tag="NCFN000" wnsyn="04829550-n" wnlex="noun.attribute">pietà</w><w form="." lemma="." tag="Fp" wnsyn="xxx" wnlex="xxx">.</w></s></ab><ab><s><w form="L" lemma="l" tag="NP00000" wnsyn="13624190-n" wnlex="noun.quantity">L</w><w form="’" lemma="’" tag="Frc" wnsyn="xxx" wnlex="xxx">’</w><w form="amata" lemma="amare" tag="VMP00SF" wnsyn="01775164-v" wnlex="verb.emotion">amata</w><w form="non" lemma="non" tag="RG" wnsyn="00024073-r" wnlex="adv.all">non</w><w form="gli" lemma="gli" tag="PP3MSA0" wnsyn="xxx" wnlex="xxx">gli</w><w form="badava" lemma="badare" tag="VMII3S0" wnsyn="02455407-v" wnlex="verb.social">badava</w><w form="." lemma="." tag="Fp" wnsyn="xxx" wnlex="xxx">.</w></s></ab><ab><s><w form="In" lemma="in" tag="SPS00" wnsyn="xxx" wnlex="xxx">In</w><w form="lei" lemma="lei" tag="PP3FS00" wnsyn="xxx" wnlex="xxx">lei</w><w form="a" lemma="a" tag="SPS00" wnsyn="xxx" wnlex="xxx">a</w><w form="poco" lemma="poco" tag="RG" wnsyn="00422281-r" wnlex="adv.all">poco</w><w form="a" lemma="a" tag="SPS00" wnsyn="xxx" wnlex="xxx">a</w><w form="poco" lemma="poco" tag="DI0MS0" wnsyn="xxx" wnlex="xxx">poco</w><w form="l" lemma="l" tag="NCMN000" wnsyn="13624190-n" wnlex="noun.quantity">l</w><w form="’" lemma="’" tag="Frc" wnsyn="xxx" wnlex="xxx">’</w><w form="impressione" lemma="impressione" tag="NCFS000" wnsyn="05916739-n" wnlex="noun.cognition">impressione</w><w form="ricevuta" lemma="ricevuta" tag="NCFS000" wnsyn="06520222-n" wnlex="noun.communication">ricevuta</w><w form="diveniva" lemma="divenire" tag="VMII3S0" wnsyn="00149583-v" wnlex="verb.change">diveniva</w><w form="sentimento" lemma="sentimento" tag="NCMS000" wnsyn="05916739-n" wnlex="noun.cognition">sentimento</w><w form="," lemma="," tag="Fc" wnsyn="xxx" wnlex="xxx">,</w><w form="diveniva" lemma="divenire" tag="VMII3S0" wnsyn="00149583-v" wnlex="verb.change">diveniva</w><w form="avversione" lemma="avversione" tag="NCFS000" wnsyn="07502669-n" wnlex="noun.feeling">avversione</w><w form="sommossa" lemma="sommossa" tag="NCFS000" wnsyn="00962129-n" wnlex="noun.act">sommossa</w><w form="dal" lemma="dal" tag="SPCMS" wnsyn="xxx" wnlex="xxx">dal</w><w form="fondo" lemma="fondo" tag="NCMS000" wnsyn="05868477-n" wnlex="noun.cognition">fondo</w><w form="dell" lemma="dell" tag="NCMN000" wnsyn="xxx" wnlex="xxx">dell</w><w form="’" lemma="’" tag="Frc" wnsyn="xxx" wnlex="xxx">’</w><w form="anima" lemma="anima" tag="NCFS000" wnsyn="00007846-n" wnlex="noun.Tops">anima</w><w form="," lemma="," tag="Fc" wnsyn="xxx" wnlex="xxx">,</w><w form="diveniva" lemma="divenire" tag="VMII3S0" wnsyn="00149583-v" wnlex="verb.change">diveniva</w><w form="pensiero" lemma="pensiero" tag="NCMS000" wnsyn="05611302-n" wnlex="noun.cognition">pensiero</w><w form="." lemma="." tag="Fp" wnsyn="xxx" wnlex="xxx">.</w></s></ab><ab><s><w form="Teneva" lemma="tenere" tag="VMII3S0" wnsyn="02681795-v" wnlex="verb.stative">Teneva</w><w form="lo" lemma="il" tag="DA0MS0" wnsyn="xxx" wnlex="xxx">lo</w><w form="sguardo" lemma="sguardo" tag="NCMS000" wnsyn="04679738-n" wnlex="noun.attribute">sguardo</w><w form="fiso" lemma="fiso" tag="AQ0MS00" wnsyn="xxx" wnlex="xxx">fiso</w><w form="nell" lemma="nell" tag="NCMN000" wnsyn="xxx" wnlex="xxx">nell</w><w form="’" lemma="’" tag="Frc" wnsyn="xxx" wnlex="xxx">’</w><w form="amante" lemma="amante" tag="AQ0CS00" wnsyn="xxx" wnlex="xxx">amante</w><w form="," lemma="," tag="Fc" wnsyn="xxx" wnlex="xxx">,</w><w form="che" lemma="che" tag="PT00000" wnsyn="xxx" wnlex="xxx">che</w><w form="non" lemma="non" tag="RG" wnsyn="00024073-r" wnlex="adv.all">non</w><w form="dubitava" lemma="dubitare" tag="VMII3S0" wnsyn="00687295-v" wnlex="verb.cognition">dubitava</w><w form="," lemma="," tag="Fc" wnsyn="xxx" wnlex="xxx">,</w><w form="chiedendo" lemma="chiedere" tag="VMG0000" wnsyn="xxx" wnlex="xxx">chiedendo</w><w form="si" lemma="si" tag="PP3CN00" wnsyn="xxx" wnlex="xxx">si</w><w form=":" lemma=":" tag="Fd" wnsyn="xxx" wnlex="xxx">:</w><w form="«" lemma="«" tag="Fra" wnsyn="xxx" wnlex="xxx">«</w><w form="Perchè" lemma="perchè" tag="NP00000" wnsyn="xxx" wnlex="xxx">Perchè</w><w form="mi" lemma="mi" tag="PP1CSD0" wnsyn="xxx" wnlex="xxx">mi</w><w form="ama" lemma="amare" tag="VMIP3S0" wnsyn="01775164-v" wnlex="verb.emotion">ama</w><w form="?" lemma="?" tag="Fit" wnsyn="xxx" wnlex="xxx">?</w><w form="perchè" lemma="perchè" tag="VMIP3S0" wnsyn="xxx" wnlex="xxx">perchè</w><w form="l" lemma="l" tag="NCMN000" wnsyn="13624190-n" wnlex="noun.quantity">l</w><w form="’" lemma="’" tag="Frc" wnsyn="xxx" wnlex="xxx">’</w><w form="amo" lemma="amare" tag="VMIP1S0" wnsyn="01775164-v" wnlex="verb.emotion">amo</w><w form="?" lemma="?" tag="Fit" wnsyn="xxx" wnlex="xxx">?</w><w form="»" lemma="»" tag="Frc" wnsyn="xxx" wnlex="xxx">»</w><w form="Leggeva" lemma="leggere" tag="VMII3S0" wnsyn="00625119-v" wnlex="verb.cognition">Leggeva</w><w form="la" lemma="la" tag="DA0FS0" wnsyn="xxx" wnlex="xxx">la</w><w form="risposta" lemma="risposta" tag="NCFS000" wnsyn="00859001-n" wnlex="noun.act">risposta</w><w form="in" lemma="in" tag="SPS00" wnsyn="xxx" wnlex="xxx">in</w><w form="quegli" lemma="quello" tag="DD0MP0" wnsyn="xxx" wnlex="xxx">quegli</w><w form="occhi" lemma="occhio" tag="NCMP000" wnsyn="05311054-n" wnlex="noun.body">occhi</w><w form="." lemma="." tag="Fp" wnsyn="xxx" wnlex="xxx">.</w></s></ab><ab><s><w form="Il" lemma="il" tag="DA0MS0" wnsyn="xxx" wnlex="xxx">Il</w><w form="loro" lemma="loro" tag="AP0CS3P" wnsyn="xxx" wnlex="xxx">loro</w><w form="amore" lemma="amore" tag="NCMS000" wnsyn="07543288-n" wnlex="noun.feeling">amore</w><w form="aveva" lemma="avere" tag="VAII3S0" wnsyn="02604760-v" wnlex="verb.stative">aveva</w><w form="per" lemma="per" tag="SPS00" wnsyn="xxx" wnlex="xxx">per</w><w form="fine" lemma="fine" tag="NCCS000" wnsyn="05982152-n" wnlex="noun.cognition">fine</w><w form="sè" lemma="sè" tag="PP3CSA0" wnsyn="xxx" wnlex="xxx">sè</w><w form="stesso" lemma="stesso" tag="AQ0MS00" wnsyn="02068476-a" wnlex="adj.all">stesso</w><w form=":" lemma=":" tag="Fd" wnsyn="xxx" wnlex="xxx">:</w><w form="null" lemma="null" tag="NCMN000" wnsyn="xxx" wnlex="xxx">null</w><w form="’" lemma="’" tag="Frc" wnsyn="xxx" wnlex="xxx">’</w><w form="altro" lemma="altro" tag="PI0MS00" wnsyn="xxx" wnlex="xxx">altro</w><w form="." lemma="." tag="Fp" wnsyn="xxx" wnlex="xxx">.</w></s></ab><ab><s><w form="S" lemma="s" tag="NP00000" wnsyn="15235126-n" wnlex="noun.time">S</w><w form="’" lemma="’" tag="Frc" wnsyn="xxx" wnlex="xxx">’</w><w form="attendevano" lemma="attendere" tag="VMII3P0" wnsyn="00720063-v" wnlex="verb.cognition">attendevano</w><w form="l" lemma="l" tag="NCMN000" wnsyn="13624190-n" wnlex="noun.quantity">l</w><w form="’" lemma="’" tag="Frc" wnsyn="xxx" wnlex="xxx">’</w><w form="ebbrezza" lemma="ebbrezza" tag="NCFS000" wnsyn="14018567-n" wnlex="noun.state">ebbrezza</w><w form="dei" lemma="del" tag="SPCMP" wnsyn="xxx" wnlex="xxx">dei</w><w form="sensi" lemma="senso" tag="NCMP000" wnsyn="06601327-n" wnlex="noun.communication">sensi</w><w form="in" lemma="in" tag="SPS00" wnsyn="xxx" wnlex="xxx">in</w><w form="cui" lemma="cui" tag="PT0CN00" wnsyn="xxx" wnlex="xxx">cui</w><w form="soffocare" lemma="soffocare" tag="VMN0000" wnsyn="01476180-v" wnlex="verb.contact">soffocare</w><w form="l" lemma="l" tag="NCMN000" wnsyn="13624190-n" wnlex="noun.quantity">l</w><w form="’" lemma="’" tag="Frc" wnsyn="xxx" wnlex="xxx">’</w><w form="anima" lemma="anima" tag="NCFS000" wnsyn="00007846-n" wnlex="noun.Tops">anima</w><w form="..." lemma="..." tag="Fs" wnsyn="xxx" wnlex="xxx">...</w><w form="," lemma="," tag="Fc" wnsyn="xxx" wnlex="xxx">,</w><w form="e" lemma="e" tag="CC" wnsyn="xxx" wnlex="xxx">e</w><w form="non" lemma="non" tag="RG" wnsyn="00024073-r" wnlex="adv.all">non</w><w form="più" lemma="più" tag="RG" wnsyn="00040365-r" wnlex="adv.all">più</w><w form="." lemma="." tag="Fp" wnsyn="xxx" wnlex="xxx">.</w></s></ab><ab><s><w form="Questa" lemma="questa" tag="PD0FS00" wnsyn="xxx" wnlex="xxx">Questa</w><w form="," lemma="," tag="Fc" wnsyn="xxx" wnlex="xxx">,</w><w form="questa" lemma="questa" tag="PD0FS00" wnsyn="xxx" wnlex="xxx">questa</w><w form="era" lemma="essere" tag="VMII3S0" wnsyn="00120316-v" wnlex="verb.change">era</w><w form="la" lemma="la" tag="DA0FS0" wnsyn="xxx" wnlex="xxx">la</w><w form="colpa" lemma="colpa" tag="NCFS000" wnsyn="07536245-n" wnlex="noun.feeling">colpa</w><w form=":" lemma=":" tag="Fd" wnsyn="xxx" wnlex="xxx">:</w><w form="che" lemma="che" tag="CS" wnsyn="xxx" wnlex="xxx">che</w><w form="il" lemma="il" tag="DA0MS0" wnsyn="xxx" wnlex="xxx">il</w><w form="loro" lemma="loro" tag="AP0CS3P" wnsyn="xxx" wnlex="xxx">loro</w><w form="desiderio" lemma="desiderio" tag="NCMS000" wnsyn="07484265-n" wnlex="noun.feeling">desiderio</w><w form="non" lemma="non" tag="RG" wnsyn="00024073-r" wnlex="adv.all">non</w><w form="oltrepassasse" lemma="oltrepassare" tag="VMSI3S0" wnsyn="02669081-v" wnlex="verb.stative">oltrepassasse</w><w form="il" lemma="il" tag="DA0MS0" wnsyn="xxx" wnlex="xxx">il</w><w form="loro" lemma="loro" tag="AP0CS3P" wnsyn="xxx" wnlex="xxx">loro</w><w form="piacere" lemma="piacere" tag="NCMS000" wnsyn="07490713-n" wnlex="noun.feeling">piacere</w><w form="." lemma="." tag="Fp" wnsyn="xxx" wnlex="xxx">.</w></s></ab><ab><s><w form="Null" lemma="null" tag="NP00000" wnsyn="xxx" wnlex="xxx">Null</w><w form="’" lemma="’" tag="Frc" wnsyn="xxx" wnlex="xxx">’</w><w form="altro" lemma="altro" tag="PI0MS00" wnsyn="xxx" wnlex="xxx">altro</w><w form="!" lemma="!" tag="Fat" wnsyn="xxx" wnlex="xxx">!</w></s></ab><ab><s><w form="E" lemma="e" tag="CC" wnsyn="xxx" wnlex="xxx">E</w><w form="non" lemma="non" tag="RG" wnsyn="00024073-r" wnlex="adv.all">non</w><w form="dalla" lemma="dalla" tag="SPCFS" wnsyn="xxx" wnlex="xxx">dalla</w><w form="coscienza" lemma="coscienza" tag="NCFS000" wnsyn="05675905-n" wnlex="noun.cognition">coscienza</w><w form="le" lemma="le" tag="PP3FNA0" wnsyn="xxx" wnlex="xxx">le</w><w form="insorgeva" lemma="insorgere" tag="VMII3S0" wnsyn="02583139-v" wnlex="verb.social">insorgeva</w><w form="il" lemma="il" tag="DA0MS0" wnsyn="xxx" wnlex="xxx">il</w><w form="rimprovero" lemma="rimprovero" tag="NCMS000" wnsyn="06711855-n" wnlex="noun.communication">rimprovero</w><w form="o" lemma="o" tag="CC" wnsyn="xxx" wnlex="xxx">o</w><w form="l" lemma="l" tag="NCMN000" wnsyn="13624190-n" wnlex="noun.quantity">l</w><w form="’" lemma="’" tag="Frc" wnsyn="xxx" wnlex="xxx">’</w><w form="ammonimento" lemma="ammonimento" tag="NCMS000" wnsyn="06711855-n" wnlex="noun.communication">ammonimento</w><w form="," lemma="," tag="Fc" wnsyn="xxx" wnlex="xxx">,</w><w form="ma" lemma="ma" tag="CC" wnsyn="xxx" wnlex="xxx">ma</w><w form="le" lemma="la" tag="DA0FP0" wnsyn="xxx" wnlex="xxx">le</w><w form="veniva" lemma="venire" tag="VAII3S0" wnsyn="00149583-v" wnlex="verb.change">veniva</w><w form="da" lemma="da" tag="SPS00" wnsyn="xxx" wnlex="xxx">da</w><w form="mille" lemma="mille" tag="NCCP000" wnsyn="13750844-n" wnlex="noun.quantity">mille</w><w form="voci" lemma="voce" tag="NCCP000" wnsyn="04981941-n" wnlex="noun.attribute">voci</w><w form="di" lemma="di" tag="SPS00" wnsyn="xxx" wnlex="xxx">di</w><w form="vita" lemma="vita" tag="NCFS000" wnsyn="13961642-n" wnlex="noun.state">vita</w><w form="feconda" lemma="fecondo" tag="AQ0FS00" wnsyn="01001689-a" wnlex="adj.all">feconda</w><w form="e" lemma="e" tag="CC" wnsyn="xxx" wnlex="xxx">e</w><w form="di" lemma="di" tag="SPS00" wnsyn="xxx" wnlex="xxx">di</w><w form="vita" lemma="vita" tag="NCFS000" wnsyn="13961642-n" wnlex="noun.state">vita</w><w form="novella" lemma="novello" tag="AQ0FS00" wnsyn="xxx" wnlex="xxx">novella</w><w form="che" lemma="che" tag="PT00000" wnsyn="xxx" wnlex="xxx">che</w><w form="nel" lemma="nel" tag="SPCMS" wnsyn="xxx" wnlex="xxx">nel</w><w form="fervido" lemma="fervido" tag="AQ0MS00" wnsyn="00885695-a" wnlex="adj.all">fervido</w><w form="giorno" lemma="giorno" tag="NCMS000" wnsyn="15155220-n" wnlex="noun.time">giorno</w><w form="la" lemma="la" tag="DA0FS0" wnsyn="xxx" wnlex="xxx">la</w><w form="terra" lemma="terra" tag="NCFS000" wnsyn="08630985-n" wnlex="noun.location">terra</w><w form="generatrice" lemma="generatore" tag="AQ0FS00" wnsyn="01867295-a" wnlex="adj.all">generatrice</w><w form="elevava" lemma="elevare" tag="VMII3S0" wnsyn="01974062-v" wnlex="verb.motion">elevava</w><w form="e" lemma="e" tag="CC" wnsyn="xxx" wnlex="xxx">e</w><w form="spandeva" lemma="spandere" tag="VMII3S0" wnsyn="02767308-v" wnlex="verb.weather">spandeva</w><w form="in" lemma="in" tag="SPS00" wnsyn="xxx" wnlex="xxx">in</w><w form="un" lemma="un" tag="DA0MS0" wnsyn="xxx" wnlex="xxx">un</w><w form="incognito" lemma="incognito" tag="AQ0MS00" wnsyn="01376894-a" wnlex="adj.all">incognito</w><w form="indistinto" lemma="indistinto" tag="AQ0MS00" wnsyn="00697389-a" wnlex="adj.all">indistinto</w><w form="inno" lemma="inno" tag="NCMS000" wnsyn="07035870-n" wnlex="noun.communication">inno</w><w form="di" lemma="di" tag="SPS00" wnsyn="xxx" wnlex="xxx">di</w><w form="amore" lemma="amore" tag="NCMS000" wnsyn="07543288-n" wnlex="noun.feeling">amore</w><w form="." lemma="." tag="Fp" wnsyn="xxx" wnlex="xxx">.</w></s></ab><ab><s><w form="Alla" lemma="alla" tag="SPCFS" wnsyn="xxx" wnlex="xxx">Alla</w><w form="voluttà" lemma="voluttà" tag="NCFN000" wnsyn="00846326-n" wnlex="noun.act">voluttà</w><w form="che" lemma="che" tag="PT00000" wnsyn="xxx" wnlex="xxx">che</w><w form="anche" lemma="anche" tag="RG" wnsyn="00040365-r" wnlex="adv.all">anche</w><w form="lei" lemma="lei" tag="PP3FS00" wnsyn="xxx" wnlex="xxx">lei</w><w form="si" lemma="si" tag="PP3CN00" wnsyn="xxx" wnlex="xxx">si</w><w form="era" lemma="essere" tag="VAII3S0" wnsyn="00120316-v" wnlex="verb.change">era</w><w form="promessa" lemma="promettere" tag="VMP00SF" wnsyn="00884011-v" wnlex="verb.communication">promessa</w><w form="mancava" lemma="mancare" tag="VMII3S0" wnsyn="02632353-v" wnlex="verb.stative">mancava</w><w form="il" lemma="il" tag="DA0MS0" wnsyn="xxx" wnlex="xxx">il</w><w form="sublime" lemma="sublime" tag="AQ0CS00" wnsyn="xxx" wnlex="xxx">sublime</w><w form="intendimento" lemma="intendimento" tag="NCMS000" wnsyn="05982152-n" wnlex="noun.cognition">intendimento</w><w form="d" lemma="d" tag="NCMN000" wnsyn="xxx" wnlex="xxx">d</w><w form="’" lemma="’" tag="Frc" wnsyn="xxx" wnlex="xxx">’</w><w form="una" lemma="una" tag="PI0FS00" wnsyn="xxx" wnlex="xxx">una</w><w form="gioia" lemma="gioia" tag="NCFS000" wnsyn="07527352-n" wnlex="noun.feeling">gioia</w><w form="divina" lemma="divino" tag="AQ0FS00" wnsyn="02685153-a" wnlex="adj.pert">divina</w><w form=":" lemma=":" tag="Fd" wnsyn="xxx" wnlex="xxx">:</w><w form="questa" lemma="questa" tag="PD0FS00" wnsyn="xxx" wnlex="xxx">questa</w><w form="la" lemma="la" tag="DA0FS0" wnsyn="xxx" wnlex="xxx">la</w><w form="colpa" lemma="colpa" tag="NCFS000" wnsyn="07536245-n" wnlex="noun.feeling">colpa</w><w form="!" lemma="!" tag="Fat" wnsyn="xxx" wnlex="xxx">!</w></s></ab><ab><s><w form="Da" lemma="da" tag="SPS00" wnsyn="xxx" wnlex="xxx">Da</w><w form="un" lemma="un" tag="DA0MS0" wnsyn="xxx" wnlex="xxx">un</w><w form="umile" lemma="umile" tag="NCMS000" wnsyn="xxx" wnlex="xxx">umile</w><w form="nido" lemma="nido" tag="AQ0MS00" wnsyn="xxx" wnlex="xxx">nido</w><w form="essa" lemma="essa" tag="PP3FSN0" wnsyn="xxx" wnlex="xxx">essa</w><w form="aveva" lemma="avere" tag="VAII3S0" wnsyn="02604760-v" wnlex="verb.stative">aveva</w><w form="appreso" lemma="apprendere" tag="VMP00SM" wnsyn="00598954-v" wnlex="verb.cognition">appreso</w><w form="perchè" lemma="perchè" tag="RG" wnsyn="xxx" wnlex="xxx">perchè</w><w form="si" lemma="si" tag="PP3CN00" wnsyn="xxx" wnlex="xxx">si</w><w form="ama" lemma="amare" tag="VMIP3S0" wnsyn="01775164-v" wnlex="verb.emotion">ama</w><w form="." lemma="." tag="Fp" wnsyn="xxx" wnlex="xxx">.</w></s></ab><ab><s><w form="L" lemma="l" tag="NP00000" wnsyn="13624190-n" wnlex="noun.quantity">L</w><w form="’" lemma="’" tag="Frc" wnsyn="xxx" wnlex="xxx">’</w><w form="amante" lemma="amante" tag="AQ0CS00" wnsyn="xxx" wnlex="xxx">amante</w><w form="le" lemma="la" tag="DA0FP0" wnsyn="xxx" wnlex="xxx">le</w><w form="chiese" lemma="chiesa" tag="NCFP000" wnsyn="08082602-n" wnlex="noun.group">chiese</w><w form="trepidando" lemma="trepidare" tag="VMG0000" wnsyn="xxx" wnlex="xxx">trepidando</w><w form="," lemma="," tag="Fc" wnsyn="xxx" wnlex="xxx">,</w><w form="sentendo" lemma="sentire" tag="VMG0000" wnsyn="xxx" wnlex="xxx">sentendo</w><w form="la" lemma="la" tag="PP3FSA0" wnsyn="xxx" wnlex="xxx">la</w><w form="sfuggire" lemma="sfuggire" tag="VMN0000" wnsyn="02074677-v" wnlex="verb.motion">sfuggire</w><w form="con" lemma="con" tag="SPS00" wnsyn="xxx" wnlex="xxx">con</w><w form="lo" lemma="il" tag="DA0MS0" wnsyn="xxx" wnlex="xxx">lo</w><w form="sguardo" lemma="sguardo" tag="NCMS000" wnsyn="04679738-n" wnlex="noun.attribute">sguardo</w><w form="velato" lemma="velato" tag="AQ0MS00" wnsyn="02508104-a" wnlex="adj.all">velato</w><w form=":" lemma=":" tag="Fd" wnsyn="xxx" wnlex="xxx">:</w><w form="—" lemma="—" tag="Fz" wnsyn="xxx" wnlex="xxx">—</w><w form="Che" lemma="che" tag="NP00000" wnsyn="xxx" wnlex="xxx">Che</w><w form="hai" lemma="avere" tag="VMIP2S0" wnsyn="02604760-v" wnlex="verb.stative">hai</w><w form="?" lemma="?" tag="Fit" wnsyn="xxx" wnlex="xxx">?</w></s></ab><ab><s><w form="Essa" lemma="essa" tag="PP3FSN0" wnsyn="xxx" wnlex="xxx">Essa</w><w form="tacque" lemma="tacere" tag="VMIS3S0" wnsyn="01041061-v" wnlex="verb.communication">tacque</w><w form=";" lemma=";" tag="Fx" wnsyn="xxx" wnlex="xxx">;</w><w form="abbassò" lemma="abbassare" tag="VMIS3S0" wnsyn="00898691-v" wnlex="verb.communication">abbassò</w><w form="gli" lemma="il" tag="DA0MP0" wnsyn="xxx" wnlex="xxx">gli</w><w form="occhi" lemma="occhio" tag="NCMP000" wnsyn="05311054-n" wnlex="noun.body">occhi</w><w form="." lemma="." tag="Fp" wnsyn="xxx" wnlex="xxx">.</w></s></ab><ab><s><w form="E" lemma="e" tag="CC" wnsyn="xxx" wnlex="xxx">E</w><w form="come" lemma="come" tag="PT00000" wnsyn="xxx" wnlex="xxx">come</w><w form="egli" lemma="egli" tag="PP3MSN0" wnsyn="xxx" wnlex="xxx">egli</w><w form="," lemma="," tag="Fc" wnsyn="xxx" wnlex="xxx">,</w><w form="in" lemma="in" tag="SPS00" wnsyn="xxx" wnlex="xxx">in</w><w form="un" lemma="un" tag="DA0MS0" wnsyn="xxx" wnlex="xxx">un</w><w form="impeto" lemma="impeto" tag="NCMS000" wnsyn="05037813-n" wnlex="noun.attribute">impeto</w><w form="di" lemma="di" tag="SPS00" wnsyn="xxx" wnlex="xxx">di</w><w form="desiderio" lemma="desiderio" tag="NCMS000" wnsyn="07484265-n" wnlex="noun.feeling">desiderio</w><w form="," lemma="," tag="Fc" wnsyn="xxx" wnlex="xxx">,</w><w form="fe" lemma="fe" tag="NCFS000" wnsyn="xxx" wnlex="xxx">fe</w><w form="’" lemma="’" tag="Frc" wnsyn="xxx" wnlex="xxx">’</w><w form="per" lemma="per" tag="SPS00" wnsyn="xxx" wnlex="xxx">per</w><w form="trarre" lemma="trarre" tag="VMN0000" wnsyn="xxx" wnlex="xxx">trarre</w><w form="la" lemma="la" tag="PP3FSA0" wnsyn="xxx" wnlex="xxx">la</w><w form="al" lemma="al" tag="SPCMS" wnsyn="xxx" wnlex="xxx">al</w><w form="suo" lemma="suo" tag="AP0MS3S" wnsyn="xxx" wnlex="xxx">suo</w><w form="petto" lemma="petto" tag="NCMS000" wnsyn="05552607-n" wnlex="noun.body">petto</w><w form="," lemma="," tag="Fc" wnsyn="xxx" wnlex="xxx">,</w><w form="lo" lemma="lo" tag="PP3MSA0" wnsyn="xxx" wnlex="xxx">lo</w><w form="respinse" lemma="respingere" tag="VMIS3S0" wnsyn="02237338-v" wnlex="verb.possession">respinse</w><w form="decisa" lemma="deciso" tag="AQ0FS00" wnsyn="01989669-a" wnlex="adj.all">decisa</w><w form=":" lemma=":" tag="Fd" wnsyn="xxx" wnlex="xxx">:</w><w form="—" lemma="—" tag="Fz" wnsyn="xxx" wnlex="xxx">—</w><w form="No" lemma="no" tag="NP00000" wnsyn="07205104-n" wnlex="noun.communication">No</w><w form="!" lemma="!" tag="Fat" wnsyn="xxx" wnlex="xxx">!</w></s></ab></div>
    </body>
  </text>
</TEI>
