<?xml version="1.0"?>
<?xml-model href="https://raw.githubusercontent.com/cligs/reference/61639b75deae2916eabeb036313dc8089da40e5e/tei/annotated/cligs_annotated.rnc" type="application/relax-ng-compact-syntax"?><TEI xmlns="http://www.tei-c.org/ns/1.0" xmlns:tei="http://www.tei-c.org/ns/1.0">
  <teiHeader>
      <fileDesc>
         <titleStmt>
            <title type="main">Le figurine</title>
            <title type="short">Figurine</title>
            <author>
               <name type="full">Albertazzi, Adolfo</name>
               <name type="short">Albertazzi</name>
               <idno type="viaf">104161</idno>
            </author>
            <principal xml:id="uhk">Ulrike Henny-Krahmer</principal>
         </titleStmt>
         <extent>
            <measure unit="words">2289</measure>
         </extent>
         <publicationStmt>
            <publisher>
               <ref target="http://cligs.hypotheses.org/">CLiGS</ref>
            </publisher>
            <availability status="free">
               <licence target="https://creativecommons.org/licenses/by-sa/4.0/">CC BY-SA
                  4.0</licence>
            </availability>
            <date>2017</date>
            <idno type="cligs">it0001</idno>
            <idno type="url"/>
         </publicationStmt>
         <sourceDesc>
            <bibl type="digital-source"> "Le figurine." <seg rend="italic">Il diavolo nell'ampolla.
                  Novelle.</seg> Project Gutenberg, <idno>38637</idno>, <date when="2012-01-21">January 21, 2012</date>, <ref target="http://www.gutenberg.org/ebooks/38637">http://www.gutenberg.org/ebooks/38637</ref>. </bibl>
            <bibl type="print-source"> "Le figurine." <seg rend="italic">Il diavolo nell'ampolla.
                  Novelle.</seg> Milano: Fratelli Treves, Editori. <date when="1918">1918</date>.
               Secondo migliaio. </bibl>
         </sourceDesc>
      </fileDesc>
      <encodingDesc>
         <p/>
      </encodingDesc>
      <profileDesc>
         <abstract>
            <p/>
         </abstract>
         <textClass>
            <keywords scheme="keywords.csv">
               <term type="author-gender">male</term>
               <term type="author-continent">Europe</term>
               <term type="author-country">Italy</term>
               <term type="language">Italian</term>

               <term type="form">prose</term>
               <term type="supergenre">narrative</term>
               <term type="genre">short story</term>
               <term type="genre-title">novella</term>
            </keywords>
         </textClass>
      </profileDesc>
      <revisionDesc>
         <change when="2017-11-11" who="#uhk">Initial TEI version.</change>
      </revisionDesc>
   </teiHeader>
  <text>
    <body/>
  </text>
</TEI>
