<?xml version="1.0"?>
<?xml-model href="https://raw.githubusercontent.com/cligs/reference/61639b75deae2916eabeb036313dc8089da40e5e/tei/annotated/cligs_annotated.rnc" type="application/relax-ng-compact-syntax"?><TEI xmlns="http://www.tei-c.org/ns/1.0" xmlns:tei="http://www.tei-c.org/ns/1.0">
  <teiHeader>
        <fileDesc>
            <titleStmt>
                <title type="main">Arme ritorta</title>
                <title type="short">Arme</title>
                <author>
                    <name type="full">Capuana, Luigi</name>
                    <name type="short">Capuana</name>
                    <idno type="viaf">24615920</idno>
                </author>
                <principal xml:id="uhk">Ulrike Henny-Krahmer</principal>
            </titleStmt>
            <extent>
                <measure unit="words">2622</measure>
            </extent>
            <publicationStmt>
                <publisher>
                    <ref target="http://cligs.hypotheses.org/">CLiGS</ref>
                </publisher>
                <availability status="free">
                    <licence target="https://creativecommons.org/licenses/by-sa/4.0/">CC BY-SA
                        4.0</licence>
                </availability>
                <date>2017</date>
                <idno type="cligs">it0150</idno>
                <idno type="url"/>
            </publicationStmt>
            <sourceDesc>
                <bibl type="digital-source"> "Arme ritorta." <seg rend="italic">Eh! La vita…
                        Novelle.</seg> Project Gutenberg, <idno>42698</idno>, <date when="2013-05-13">May 13, 2013</date>, <ref target="http://www.gutenberg.org/ebooks/42698">http://www.gutenberg.org/ebooks/42698</ref>. </bibl>
                <bibl type="print-source"> "Arme ritorta." <seg rend="italic">Eh! La vita…
                        Novelle.</seg> Seconda edizione. Milano: Società Anonima Editoriale. <date when="1913">1913</date>. </bibl>
            </sourceDesc>
        </fileDesc>
        <encodingDesc>
            <p/>
        </encodingDesc>
        <profileDesc>
            <abstract>
                <p/>
            </abstract>
            <textClass>
                <keywords scheme="keywords.csv">
                    <term type="author-gender">male</term>
                    <term type="author-continent">Europe</term>
                    <term type="author-country">Italy</term>
                    <term type="language">Italian</term>

                    <term type="form">prose</term>
                    <term type="supergenre">narrative</term>
                    <term type="genre">short story</term>
                    <term type="genre-title">novella</term>
                </keywords>
            </textClass>
        </profileDesc>
        <revisionDesc>
            <change when="2017-11-25" who="#uhk">Initial TEI version.</change>
        </revisionDesc>
    </teiHeader>
  <text>
    <body/>
  </text>
</TEI>
