<?xml version="1.0" encoding="UTF-8"?>
<?xml-model href="../keywords/keywords.sch" type="application/xml" schematypens="http://purl.oclc.org/dsdl/schematron"?>
<?xml-model href="https://raw.githubusercontent.com/cligs/reference/master/tei/cligs.rng" type="application/xml" schematypens="http://relaxng.org/ns/structure/1.0"?>
<TEI xmlns="http://www.tei-c.org/ns/1.0" xmlns:cligs="https://cligs.hypotheses.org/ns/cligs">
    <teiHeader>
        <fileDesc>
            <titleStmt>
                <title type="main">Al Santuario</title>
                <title type="short">Santuario</title>
                <author>
                    <name type="full">Capuana, Luigi</name>
                    <name type="short">Capuana</name>
                    <idno type="viaf">24615920</idno>
                </author>
                <principal xml:id="uhk">Ulrike Henny-Krahmer</principal>
            </titleStmt>
            <extent>
                <measure unit="words">2355</measure>
            </extent>
            <publicationStmt>
                <publisher>
                    <ref target="http://cligs.hypotheses.org/">CLiGS</ref>
                </publisher>
                <availability status="free">
                    <licence target="https://creativecommons.org/licenses/by-sa/4.0/">CC BY-SA
                        4.0</licence>
                </availability>
                <date>2017</date>
                <idno type="cligs">it0144</idno>
                <idno type="url">https://raw.githubusercontent.com/cligs/textbox/master/italian/short19-20/tei/it0144.xml</idno>
            </publicationStmt>
            <sourceDesc>
                <bibl type="digital-source"> "Al Santuario." <seg rend="italic">Eh! La vita…
                        Novelle.</seg> Project Gutenberg, <idno>42698</idno>, <date when="2013-05-13">May 13, 2013</date>, <ref target="http://www.gutenberg.org/ebooks/42698">http://www.gutenberg.org/ebooks/42698</ref>. </bibl>
                <bibl type="print-source"> "Al Santuario." <seg rend="italic">Eh! La vita…
                        Novelle.</seg> Seconda edizione. Milano: Società Anonima Editoriale. <date when="1913">1913</date>. </bibl>
            </sourceDesc>
        </fileDesc>
        <encodingDesc>
            <p/>
        </encodingDesc>
        <profileDesc>
            <abstract>
                <p/>
            </abstract>
            <textClass>
                <keywords scheme="keywords.xml">
                    <term type="author.continent">Europe</term>
                    <term type="author.country">Italy</term>
                    <term type="author.gender">male</term>
                    <term type="text.language">Italian</term>
                    <term type="text.form">prose</term>
                    <term type="text.genre.supergenre">narrative</term>
                    <term type="text.genre">short story</term>
                    <term type="text.genre.title">novella</term>
                </keywords>
            </textClass>
        </profileDesc>
        <revisionDesc>
            <change when="2017-11-25" who="#uhk">Initial TEI version.</change>
        </revisionDesc>
    </teiHeader>
    <text>
        <body>
            <div>
                <head>Al Santuario.</head>
                <p>Visto che la signora Gina era uscita su la terrazza, Andrea Collini accese
                    un'altra sigaretta e la seguì lasciando Rosselli in preda di Tonghi — povero
                    Rosselli!... — Ma se lo meritava quel martirio; pareva quasi contento di
                    sorbirsi la interminabile chiacchierata, perchè, se si sapeva quando Tonghi
                    cominciava, non si sapeva mai quando avrebbe finito.</p>
                <p>La signora Gina, coi gomiti appoggiati su un pilastretto e il mento tra le palme,
                    guardava quella falce lunare che si elevava lentamente su le colline, sparendo e
                    riapparendo tra la nuvolaglia che ingombrava il cielo.</p>
                <p>— A che pensa? — le domandò Collini.</p>
                <p>— A niente. Mi godo questa tiepida serata.</p>
                <p>— Ma dunque... vuol proprio farmi impazzire?</p>
                <p>— La prego... non ricominci!</p>
                <p>— Non ricomincio perchè non cesso un istante. Come sarei felice di compensarla di
                    tutte le delusioni della sua vita!</p>
                <p>— Presume troppo! E poi, chi le ha detto che io abbia avuto delusioni?</p>
                <p>— Si vede! Tonghi è un brav'uomo, ma intollerabile, asfissiante, anche per coloro
                    che lo avvicinano a intervalli; figuriamoci quale dev'essere per lei che ha
                    avuto la sventura!...</p>
                <p>— E' una sua sciocca supposizione.</p>
                <p>— All'occhio di chi vuol bene non sfugge niente!</p>
                <p>— Certi occhi travedono, secondo il proprio interesse. La prego; non mi costringa
                    a ricorrere a mezzi che mi repugnano... Glielo dico per l'ultima volta.</p>
                <p>— Da quasi un anno sto in adorazione davanti a lei...</p>
                <p>— E' troppo ostinato.</p>
                <p>— Come tutti coloro che amano davvero... Non mi spinga a commettere qualche
                    pazzia!</p>
                <p>— Non so in che modo potrei impedirglielo.</p>
                <p>— Con l'avere pietà di me!... Con l'amarmi un po'!</p>
                <p>— E lei... finge di essere amico di mio marito!</p>
                <p>— E' l'unico mezzo per avvicinarla. Me lo rimprovera?</p>
                <p>— Se io dovessi tradire mio marito, la prima cosa che farei sarebbe di
                    abbandonare la sua casa.</p>
                <p>— Ah! Che grande felicità!</p>
                <p>— Non si lusinghi! Questo non avverrà mai. Io mi sento mortificatissima della sua
                    insistenza. Come devo farglielo intendere?</p>
                <p>— Dovrei strapparmi il cuore per dimenticarla!...</p>
                <p>Si sentì il rumore dei passi di Rosselli e del marito che venivano anch'essi
                    nella terrazza.</p>
                <p>— Ve lo immaginate — disse la signora Tonghi, ridendo — un Collini... poeta? Pare
                    che sia un po' turco; gli piace più la mezza luna che non la luna piena.</p>
                <p>— L'ho sempre detto che Collini è imbecille! — esclamò il signor Tonghi. — Non te
                    l'avere a male, caro mio!</p>
                <p>— Hai ragione — rispose Collini, aggrottando le sopracciglia.</p>
                <p>E buttò via la sigaretta che gli si era spenta tra le dita.</p>
                <p>Due volte al mese, Tonghi invitava a desinare i due amici Collini e Rosselli che,
                    per l'identica ragione, si mostravano condiscendenti alle stranezze di lui; con
                    la sola differenza che Collini era l'innamorato respinto della signora Tonghi,
                    mentre Rosselli godeva tutte le grazie di essa, senza che nessuno mai avesse
                    avuto il minimo sospetto della loro intimissima relazione.</p>
                <p>Avevano adottato un <seg rend="italic">modus vivendi</seg> da ingannare chiunque.
                    La signora Gina non pronunciava il nome di Rosselli senza aggiungervi: —
                    Quell'antipatico di!... — oppure: — Quell'opprimente di!... — E Rosselli,
                    parlando di lei con Collini e con altri amici, diceva spesso: — Quella leziosa!
                    o: quella pretenzionosa della Tonghi! — E non aggiungeva mai: signora, quasi
                    fosse di troppo.</p>
                <p>Così era accaduto che Collini aveva spesso creduto suo dovere di prendere le
                    difese di lei.</p>
                <p>— Leziosa? Ma se è di una semplicità straordinaria!</p>
                <p>— Voluta, ricercata; per questo mi dà ai nervi. E poi, quell'aria di rassegnata,
                    di vittima!... Oh! certamente Tonghi con le sue manie, con le sue meticolosità
                    di ordine e di pulizia, non è tale da render felice una donna; ma, d'altra
                    parte, vedersi davanti, da mattina a sera, quel viso da funerale, deve essere
                    così nell'intimità; — noi vediamo la rappresentazione, la parata — è cosa da far
                    perdere la pazienza anche a un santo.</p>
                <p>— Viso da funerale? Io non ho visto un viso più sorridente, più lieto!</p>
                <p>— Sorridente con quella specie di ghigno che le contrae le labbra?</p>
                <p>— Vuol dire che i nostri occhi vedono diversamente. Sei invidiabile. Per me,
                    invece...</p>
                <p>E Collini, una sera, uscendo di casa Tonghi dopo il solito desinare, credendo di
                    confidarsi con uno che non avrebbe mai potuto essere un rivale, gli aveva
                    rivelato le sue pene di cuore.</p>
                <p>— Povero Collini! Ti compiango. Quella donna è un pezzo di ghiaccio.</p>
                <p>— Spero di scioglierlo, un giorno o l'altro...</p>
                <p>— Amor che a nullo amato amar perdona! Cose che si dicono in versi, perchè in
                    prosa, con rispetto di Dante, farebbero ridere i polli. Lascia andare! Mancano
                    belle e compiacenti donne in questo mondo? E poi, te lo avverto, Tonghi non è un
                    marito comodo.</p>
                <p>— Mi amazzerebbe?</p>
                <p>— Ammazzerebbe pure lei anche pel solo sospetto.</p>
                <p>— Lei, no! Lei, no!</p>
                <p>Si vedeva che Collini era innamorato davvero, se protestava a quel modo, quasi ci
                    fosse proprio pericolo che il geloso marito arrivasse a quell'estremo.</p>
                <milestone unit="section" rend="asterisks"/>
                <p>Se avesse saputo come ridevano di lui i due amanti, nella cameretta fuori mano,
                    dove si rifugiavano due volte la settimana!</p>
                <p>Ridevano, ma spesso non erano tranquilli, specialmente lei. Aveva tristi
                    presentimenti, senza saper spiegarsene la ragione.</p>
                <p>— Ho dovuto fingere un forte malessere, consultare il nostro dottore... Sembra
                    ripreso da un impeto di brutale passione... Cosa insolita. Ho dovuto quasi
                    lottare per resistergli... Oh, tu non puoi immaginare come mi repugna di essere
                    sua!</p>
                <p>Egli diventava pallido, si stirava le mani, minacciante.</p>
                <p>— Sua, mai più! Mai più!</p>
                <p>La serrava fortemente tra le braccia, la copriva di baci, quasi per difenderla.
                    Lei gli si abbandonava sul petto, singhiozzante:</p>
                <p>— Ha parlato anche di un viaggio in Svizzera!</p>
                <p>— Ah, se tu volessi!</p>
                <p>— Uno scandalo, no! Per mia madre. Ne morrebbe!</p>
                <p>— E forse il nostro amore perderebbe la sua più grande attrattiva, uscendo dal
                    mistero che ora lo circonda!</p>
                <p>— Non dire così. Anche al cospetto del cielo e della terra!... Soltanto per mia
                    madre!</p>
                <p>— Perchè vuol condurti via? E' impossibile che io viva, anche per qualche mese,
                    lontano da te.</p>
                <p>— Resisterò... Mi ammalerò... più gravemente. E così dicendo sorrideva.</p>
                <p>Allora, a poco a poco, il cielo delle loro anime si schiariva, assumeva una
                    limpidezza raggiante di sole; e tutti e due dimenticavano il mondo, come se
                    quella camera, quell'appartamentino (a cui si accedeva da due vie e sembrava
                    fatto apposta per eludere i sospetti della gente) rimanesse così lontano lontano
                    da dar l'illusione che essi fossero i soli esseri viventi in un'isola, in un
                    continente, in un pianeta sperduto nello spazio.</p>
                <p>E quando la piccola soneria dell'orologio, mezzo soffocata da un drappo per
                    attutirne lo squillo, li destava dal dolcissimo sogno, ella spesso ripeteva:</p>
                <p>— Sì, sì, basta! Si può morire di felicità!</p>
                <p>— Sarebbe il più bel morire! — rispondeva Rosselli!</p>
                <p>— Vivere dobbiamo. Per morire c'è sempre tempo!</p>
                <p>E lei gli faceva un inchino:</p>
                <p>— Addio... antipatico! Addio... opprimente!</p>
                <p>— Addio... leziosa! Addio... pretenziosona!</p>
                <p>Si staccavano a stento.</p>
                <p>Era stato un colpo improvviso, e le loro due giovinezze si eran esaltate sempre
                    più in quel mistero che le circondava.</p>
                <p>Ella gli aveva detto parecchie volte:</p>
                <p>— Non ho rimorsi. L'ho sposato per amore, ed egli ha fatto di tutto per
                    stancarmi, per allontanarmi da sè. Non credo ci sia mai stato al mondo, o che ci
                    sia, un tiranno peggiore di lui; tiranno dalle piccole cose, dalle inutili
                    manie, dalle continue, irritanti esigenze che ti tolgono il respiro. Sin dalle
                    prime settimane. Non posso ricordare senza fremere il nostro viaggio di nozze:
                    venti giorni... un'eternità! Continuamente: — Ma Gina! Ma Gina! — quasi lo
                    spostare un oggetto, il trascurare il riporne uno dove, secondo lui, era
                    indispensabile riporlo... fosse stato un delitto! Da principio ridevo, rimettevo
                    l'oggetto al suo posto, eseguivo allegramente la manovra da lui voluta... Ma
                    che? Dovevo ridurmi un meccanismo pronto ai suoi stupidi voleri? Mi sentii
                    chiudere il cuore. Una irritazione sorda; poi odio a dirittura! Andavo a
                    piangere in casa di mia madre. La cara e buona mamma non sapeva dirmi altro: —
                    Fa' la volontà di Dio! — Era Dio forse lui? Dio sei stato tu, tu la luce,
                    l'amore la vita! Ah, se non fosse per la mamma!... Non ho rimorsi. Sono
                    orgogliosa di quel che faccio. Se occorresse, glielo griderei in viso!</p>
                <p>Lui tentava di rabbonirla, d'impedirle di commettere un'imprudenza, nei giorni in
                    cui ella arrivava nel loro rifugio più irritata del solito. Ormai aveva voluto
                    staccarsi completamente dal marito; non sapeva più vincere la repugnanza ch'egli
                    le ispirava. E in questo Rosselli era d'accordo con lei: tremava al solo
                    pensiero di saperla alla mercè della violenza di colui che l'aveva in potestà
                    sua, protetto dalle leggi umana e divina. La vera legge umana era il loro amore;
                    la vera legge divina il loro amore, sempre, il loro amore! Non era anche troppo
                    sacrificio il mentire davanti a lui, davanti alla società? Non era un miracolo
                    di amore il non essersi mai traditi un solo istante?</p>
                <p>Per un nonnulla, al suo solito, Tonghi aveva fatto una gran scenata con la
                    moglie. Essa, già pronta per andar fuori, non aveva risposto una sola parola,
                    terminando di aggiustarsi la veletta davanti allo specchio, quasi suo marito non
                    parlasse con lei.</p>
                <p>Egli aveva interpetrato quel silenzio a modo suo, come un'acquiescenza alla sua
                    sfuriata, abituato a credere di aver sempre ragione. Si era accorto da un pezzo,
                    che qualcosa era venuto meno tra loro, ma pensava che, pur troppo, doveva esser
                    così nel matrimonio. Non gli passava pel capo che fosse colpa del suo strambo
                    carattere se quel qualcosa era avvenuto. Sofisticava intorno a tutto, riteneva
                    che, per esempio, il lasciare un volume su una seggiola invece che sul tavolino
                    dov'egli l'aveva posato, o nello scaffale dov'era stato collocato, fosse una
                    storditezza imperdonabile da scompigliare tutto l'ordine della casa; non sapeva
                    persuadersi che con l'interminabile trovar da ridire su ogni piccola cosa, con
                    l'esagerazione degli sfoghi, che diventavano spesso escandescenze, egli era
                    l'artefice della sua e dell'altrui infelicità; no, non gli passava pel capo.
                    Fortunatamente il suo orgoglio non gli permetteva di dubitare che sua moglie
                    potesse tentar di cercare altrove quelle dolcezze, quella tranquillità che ormai
                    non trovava più in famiglia.</p>
                <p>— Va a dir male di me da sua madre!</p>
                <p>Il suo più nero sospetto era questo.</p>
                <p>Perciò accolse con un scettico sorriso la rivelazione di Collini che quella
                    mattina, a bruciapelo, venne a dirgli:</p>
                <p>— Tua moglie ha un amante!</p>
                <p>Collini si era lasciato cascare su una seggiola, quasi lo sforzo per quest'accusa
                    avesse esaurito le sue forze.</p>
                <p>— Che interesse hai tu di farmi tale rivelazione?... — disse Tonghi. E soggiunse
                    sùbito: — Di calunniare mia moglie?</p>
                <p>— Sono un miserabile! — esclamò Collini. — Che interesse? La ho amata inutilmente
                    un anno, più. Credevo che mi resistesse per dignità di donna onesta. Ma ora che
                    ho scoperto.... Nè io, nè lui!</p>
                <p>— Se tu mentisci!...</p>
                <p>E Tonghi gli si slanciò addosso, mettendogli le mani alla gola.</p>
                <p>— Nè io, nè lui! — replicò Collini. — So che commetto un'infamia....</p>
                <p>— Chi, lui?</p>
                <p>— Rosselli! E' stato un caso... Potrai sorprenderli quando vorrai.</p>
                <p>— Se tu mentisci!... Va' via! Sei un gran vigliacco; mi fai schifo! Non
                    comparirmi più dinanzi! E non ti sfugga con altri una sola sillaba di quel che
                    sei venuto a dirmi. Al mio onore penserò io, provvederò io. Va' via!</p>
                <p>Collini, atterrito, si era mosso per uscire; ma Egidio Tonghi lo fermò per un
                    braccio.</p>
                <p>— Prima, dimmi tutto!</p>
                <p>Gli era parso che un profondo abisso gli si fosse spalancato davanti e ch'egli
                    stesse per precipitarvi.</p>
                <p>Che fare? Sorprenderli? Ucciderli?... Andar in carcere per loro?</p>
                <p>Si aggirava in casa come una belva nella sua gabbia di ferro, pensando che in
                    quel momento essi erano là, nel loro nido, felici, senza sospetto!...</p>
                <p>Si fermò tutt'a un tratto davanti a una stampa che rappresentava il Santuario
                    dell'Immacolata in cima alla rupe di Raceno. Un'idea diabolica gli balenò nel
                    cervello, e rimase assorto, quasi vedesse già compiuto quello che fantasticava
                    da un'ora.</p>
                <p>Per questo potè dominarsi vedendo rientrare con qualche ritardo sua moglie.</p>
                <p>— La mamma sta poco bene... — ella disse, per scusarsi.</p>
                <p>— Niente di grave, spero.</p>
                <p>— Oh! Niente di grave.</p>
                <milestone unit="section" rend="asterisks"/>
                <p>Il vecchio frate, custode del Santuario, li aveva ammoniti:</p>
                <p>— Non s'inoltrino troppo avanti da quella parte. L'altezza dà la vertigine.</p>
                <p>— Non siamo bambini — aveva risposto Egidio Tonghi.</p>
                <p>Pochi scalini e poi una piccola spianata semicircolare, senza nessun riparo,
                    aperta sul gran vuoto della ristretta vallata dove la roccia scendeva a
                    picco.</p>
                <p>— Avremmo dovuto far colazione qui — disse la signora Gina — invece che nel
                    refettorio dell'eremo.</p>
                <p>S'inoltrava cautamente, dopo aver preso il braccio di Rosselli.</p>
                <p>— Sarà buono a trattenermi se mi prenderà la vertigine?</p>
                <p>— Le verrò dietro, in ogni caso.</p>
                <p>— Oh! Così cavalleresco!</p>
                <p>Era felice di poter passare una giornata intera assieme con lui, sotto gli occhi
                    del marito.</p>
                <p>Tonghi, risalito gli scalini, aveva tirato fuori dalla tasca la rivoltella, e con
                    gli occhi quasi fuori dell'orbita, iniettati di sangue, con voce roca,
                    imperiosa, gridò alla moglie e all'amico:</p>
                <p>— Buttatevi giù! Vi ho condotti qui apposta.... Buttatevi, o vi ammazzo!</p>
                <p>I due amanti improvvisamente impalliditi, capirono che non si trattava di
                    un'allucinazione, di uno scherzo di cattivo genere, di una minaccia da burla, e
                    si voltarono stringendosi, disperatamente, l'uno all'altro.</p>
                <p>— Buttatevi!... O vi ammazzo!... Il turpe inganno è finito!</p>
                <p>— Inganno?</p>
                <p>— Zitta!</p>
                <p>— Inganno? — riprese la signora Gina non dando retta a Rosselli che le stringeva
                    forte il braccio.</p>
                <p>— Ma è stato unicamente...</p>
                <p>— Zitta! Zitta!</p>
                <p>— ... per mia madre!... Sì, ci butteremo giù, felici di morire insieme, al tuo
                    cospetto, in un abbraccio e in un bacio supremo!...</p>
                <p>— Sputandoti in viso il nostro odio, il nostro disprezzo! — soggiunse
                    Rosselli.</p>
                <p>Non c'era via di scampo; si sentivano presi; qualunque loro movimento in quel
                    ristrettissimo spazio voleva dire la morte. E colui, brandendo l'arma,
                    minacciava, ripetendo:</p>
                <p>— Buttatevi! Buttatevi!</p>
                <p>Senonchè la sua voce più non era imperiosa, sicura. Di fronte a quel deciso
                    contegno, davanti a quell'altera proclamazione del loro amore e alla gioia di
                    morire insieme si sentiva sfuggire la piena sodisfazione della vendetta; e
                    quando li vide, avvinghiarsi in un abbraccio e incollare in un violento bacio le
                    loro labbra, chiudendo gli occhi, indietreggiando, indietreggiando lentamente,
                    quasi per assaporare in quel modo la dolcezza della morte imminente, Egidio
                    Tonghi buttò la rivoltella e, senza sapere quel che facesse, emise un rauco
                    grido:</p>
                <p>— No! No! Fermatevi!</p>
                <p>Troppo tardi!</p>
                <milestone unit="section" rend="asterisks"/>
                <p>Il vecchio frate, vistolo ricomparire solo, domandò:</p>
                <p>— E gli altri due?</p>
                <p>— Sono scesi giù; risaliranno dall'altra parte. Li attendo qui.</p>
                <p>E si sedè sul banco di pietra davanti a la chiesetta, borbottando:</p>
                <p>— Han fatto il salto! Io non volevo.... Risaliranno dall'altra parte... Li
                    attendo qui!</p>
                <p>Egidio Tonghi era impazzito.</p>
            </div>
        </body>
    </text>
</TEI>