,idno,author.name,title,year,supergenre,genre,subgenre,author.country,author.viaf,author.bne,author.gender,title.main,title.viaf,title.bne,author.name.full,genre.subtitle,availability,genre.subtitle,narrator,protagonist.gender,setting.type,form,publication,digital.source.idno,author.continent,authorText.group,authorText.subgroup,protagonist.name,protagonist.age,protagonist.socLevel,protagonist.profession,representation,setting.continent,setting.country,setting.name,setting.territory,text.movement,time.period,time.span,authorText.relation,end,time.year,keywords.cert,author.movement,author.submovement,litHist.quality,author.date.birth,author.date.death,author.litHist.pages,author.nonNovelGenre,litHist.pages,author.year.change,setting.settlement.represented.exist,setting.represented,MdLE,CoNSSA,CoNSSA.canon,HdLE,subgenre.lithist.MdLE,subgenre.lithist.HdLE,subgenre.edit.epublibre,subgenre.edit.amazon,subgenre.edit.wikidata,subgenre.subtitle.bne,adventure,erotic,fantastic,naturalist,modernist,realist,sentimental,social,spiritual,historical,comedy,philosophical,memoir,moralist,symbolic,political-fiction,bildungsroman,war-novel,autobiographical,dialogue,am.tokens,am.chars,am.divs,am.verses,am.sps,am.pds,am.numbers,am.puncts,am.blocks,am.chapters,am.shortStories,am.parts,am.sections,am.divisions,am.lg.poems,am.lg.stanzas,am.saids,am.narrative.ps,am.ss,len.abstract,am.fts,am.conjunctions,am.determiners,am.nouns,am.verbs,am.adverbs,am.adjectives,am.adpositions,am.punctuations,am.pronouns,am.dates,am.numbers,am.interjections,am.ne.persons,am.ne.organizations,am.ne.locations,am.ne.others,decade
ne0002,ne0002,Galdos,Misericordia,1889,narrative,novela,realist,Spain,71395987,XX1014802,male,Misericordia,184697459,XX3384019,Benito Pérez Galdós,n.av.,free,n.av.,heterodiegetic,female,big-city,prose,book,n.av.,Europe,Novelas contemporáneas,Novelas contemporáneas espiritualistas,Benina,adult,low,beggar,realistic,Europe,Spain,Madrid,Castilla,naturalista,contemporary,90,none,negative,n.av.,medium,realism,realista,n.av.,1843,1920,181,theatre,6.0,1889,True,Madrid,True,True,True,True,novela de tesis,n.av.,Realista,"Ficción clásica, Bibliotecas, Libros escolares; Antigua y clásica, Ficción clásica; Ficción clásica, Ficción histórica, Ficción por género; Clásicos, Fantasía y terror, Infantil; Europa, Europeas, Clásicos; Ficción clásica, Ficción clásica; Ficción clásica; Ficción, Europea, Antologías",n.av.,n.av.,n.av.,n.av.,n.av.,naturalist,n.av.,realist,n.av.,social,n.av.,n.av.,n.av.,n.av.,n.av.,n.av.,n.av.,n.av.,n.av.,n.av.,n.av.,n.av.,83791,477192,42,0,0,1104,n.av.,19914,1539,41,0,0,0,0,0,0,1292,394,2748,238,0,6988,11786,18001,15693,4874,4547,11941,17170,9823,47,n.av.,211,1772,389,587,143,1880
ne0005,ne0005,Galdos,Tristana,1892,narrative,novela,bildungsroman,Spain,71395987,XX1014802,male,Tristana,181806159,XX2127967,Benito Pérez Galdós,n.av.,free,n.av.,heterodiegetic,female,big-city,prose,book,n.av.,Europe,Novelas contemporáneas,Novelas contemporáneas espiritualistas,Tristana Reluz,young,low,housewife,realistic,Europe,Spain,Madrid,Castilla,realista,contemporary,1800,none,partial positive,n.av.,medium,realism,realista,n.av.,1843,1920,181,theatre,2.0,1889,True,Madrid,True,True,False,False,novela espiritual,n.av.,Realista,"Ficción clásica, Ficción contemporánea; Ficción clásica ; Ficción clásica, Historia, Ficción clásica; Ficción clásica; Familia, Ficción, Libros escolares; Historia, teoría literaria y crítica",n.av.,n.av.,n.av.,erotic,n.av.,n.av.,n.av.,realist,sentimental,social,spiritual,n.av.,n.av.,n.av.,n.av.,n.av.,n.av.,n.av.,bildungsroman,n.av.,n.av.,n.av.,52563,301038,30,0,0,299,n.av.,11962,585,29,0,0,0,0,0,0,357,257,2281,1149,0,4534,7424,10643,9988,3569,3401,7198,10344,6194,26,n.av.,149,788,86,229,76,1890
ne0014,ne0014,Valle,SonataEstio,1903,narrative,novela,erotic,Spain,68936773,XX1055436,male,Sonata de estío,174999407,XX3383625,"Valle-Inclán, Ramón del",memoria,free,memoria,autodiegetic,male,rural,prose,book,42424,Europe,sonatas,n.av.,Xavier de Bradomín,adult,high,lord,realistic,America,Mexico,mixed,Costa de México,modernista,contemporary,7,medium,negative,n.av.,high,modernism,2-modernista,n.av.,1866,1936,162,theatre,3.0,1920,True,Mexico,True,True,True,True,n.av.,n.av.,Histórico,"Ficción contemporánea; Antigua y clásica; Ficción clásica; Juvenil, Ficción contemporánea; Ficción clásica, Ficción contemporánea; Ficción clásica ; Ficción clásica;",n.av.,memoria,adventure,erotic,n.av.,n.av.,modernist,realist,sentimental,n.av.,n.av.,n.av.,n.av.,n.av.,memoir,n.av.,n.av.,n.av.,n.av.,n.av.,n.av.,n.av.,22401,133091,32,0,0,318,n.av.,4386,587,31,0,0,0,0,0,0,319,269,1154,428,0,1453,3831,5190,4168,970,1735,3139,4119,1858,5,n.av.,53,192,175,102,35,1900
ne0017,ne0017,Valle,FlordeSantidad,1904,narrative,novela,erotic,Spain,68936773,XX1055436,male,Flor de santidad,206861048,XX2215970,"Valle-Inclán, Ramón del",historia,free,historia,heterodiegetic,female,rural,prose,book,n.av.,Europe,n.av.,n.av.,Adega,young,low,beggar,realistic,Europe,Spain,Brandeso,Galicia,modernista,modern_times,30,none,negative,n.av.,high,modernism,2-modernista,n.av.,1866,1936,162,theatre,3.0,1920,True,Brandeso,True,True,True,True,n.av.,n.av.,Drama,"Ficción clásica; Antigua y clásica ; Europea ; Español y Portugués, Literatura española, Ficción contemporánea;",n.av.,historia,n.av.,erotic,fantastic,naturalist,modernist,n.av.,sentimental,social,spiritual,n.av.,n.av.,n.av.,n.av.,n.av.,n.av.,n.av.,n.av.,n.av.,n.av.,n.av.,19491,113990,33,14,0,451,n.av.,4290,748,26,0,5,0,0,1,4,451,251,865,587,0,1169,3756,4842,3492,637,1361,2882,3927,1314,3,n.av.,46,167,164,66,26,1900
ne0019,ne0019,BlascoIbanez,Bodega,1905,narrative,novela,realist,Spain,73848096,XX1028057,male,La bodega,207945635,XX1892690,Vicente Blasco Ibáñez,novela,free,novela,heterodiegetic,male,small-city,prose,book,28927,Europe,novelas sociales,n.av.,Fernando Salvatierra,adult,low,worker,realistic,Europe,Spain,Jerez,Andalucía,social-realista,contemporary,150,none,partial negative,n.av.,medium,modernism,2-modernista,n.av.,1867,1928,23,short-stories,1.0,1909,True,Jerez,True,True,True,True,novela social,novela social,"Drama, Realista",Antologías; Ficción clásica,n.av.,novela,n.av.,n.av.,n.av.,naturalist,n.av.,realist,n.av.,social,n.av.,n.av.,n.av.,n.av.,n.av.,n.av.,n.av.,n.av.,n.av.,n.av.,n.av.,n.av.,100190,586135,11,8,0,566,n.av.,18191,1945,10,0,0,0,0,3,0,782,1361,4251,871,0,6338,18740,24275,17264,3857,5550,16358,16990,8468,43,n.av.,144,1731,342,639,103,1900
ne0027,ne0027,Galdos,Bringas,1884,narrative,novela,realist,Spain,71395987,XX1014802,male,La de Bringas,202076999,XX2316482,Benito Pérez Galdós,n.av.,free,n.av.,heterodiegetic,female,big-city,prose,book,n.av.,Europe,Novelas contemporáneas,n.av.,Rosalía Pipaón (la de Bringas),adult,medium,housewife,realistic,Europe,Spain,Madrid,Castilla,naturalista,contemporary,365,none,negative,n.av.,medium,realism,realista,n.av.,1843,1920,181,theatre,2.0,1889,True,Madrid,True,True,True,True,novela naturalista,n.av.,Realista,"Antologías; Ficción clásica, Ficción contemporánea; Ficción clásica; Ficción clásica, Ficción contemporánea ; Antologías, Antologías; Antologías",n.av.,n.av.,n.av.,n.av.,n.av.,naturalist,n.av.,realist,n.av.,social,n.av.,n.av.,n.av.,n.av.,n.av.,n.av.,n.av.,n.av.,n.av.,n.av.,n.av.,n.av.,71567,414102,51,0,21,377,n.av.,15461,897,50,0,0,0,0,0,0,505,429,2812,569,0,5215,11175,15613,13177,4333,3902,10465,12746,7292,83,n.av.,146,1347,333,497,121,1880
ne0030,ne0030,Valle,TiranoBanderas,1926,narrative,novela,historical,Spain,68936773,XX1055436,male,Tirano banderas,179510026,XX1923189,"Valle-Inclán, Ramón del",Novela,free,Novela,heterodiegetic,male,rural,prose,book,n.av.,Europe,Esperpento,n.av.,Santos Banderas,mature,high,politician,realistic,America,Santa Fe de Tierra,Santa Mónica,Santa Mónica,vanguardista,contemporary,3,none,positive,n.av.,medium,modernism,2-modernista,n.av.,1866,1936,162,theatre,9.0,1920,True,México,True,True,True,True,n.av.,n.av.,Sátira,"Ficción histórica, Ficción por género, Ficción contemporánea; Ficción contemporánea; Ficción clásica; Antigua y clásica; Literatura y ficción; Literaria, Ficción contemporánea; Ficción, Europea, Antologías ; Ficción clásica, Ficción clásica",n.av.,Novela,n.av.,n.av.,n.av.,n.av.,n.av.,realist,n.av.,social,n.av.,historical,n.av.,n.av.,n.av.,n.av.,n.av.,political-fiction,n.av.,n.av.,n.av.,n.av.,48982,300573,181,23,0,1376,n.av.,11563,2236,142,0,26,5,7,4,0,1382,657,2902,999,0,2330,9062,12960,8356,1746,3214,6724,11314,3561,7,n.av.,39,1181,618,230,132,1920
ne0041,ne0041,Miro,Hilvan,1903,narrative,novela,realist,Spain,29542991,XX1720928,male,Hilván de escenas,n.av.,n.av.,Gabriel Miró,escenas,free,escenas,heterodiegetic,male,rural,prose,book,n.av.,Europe,libros repudiados,n.av.,Pedro Luis,adult,medium,doctor,realistic,Europe,Spain,Confines,Valencia,realista,contemporary,360,none,negative,n.av.,high,avantgarde,3-modernista,n.av.,1879,1930,33,short-stories,0.2,1914,True,Confines,True,True,False,True,novela naturalista,novela caciquil,n.av.,"Español y Portugués, Literatura española;",n.av.,escenas,n.av.,n.av.,n.av.,naturalist,n.av.,realist,sentimental,social,n.av.,n.av.,n.av.,n.av.,n.av.,n.av.,n.av.,n.av.,n.av.,n.av.,n.av.,n.av.,32095,193629,26,4,0,379,n.av.,7473,1323,17,0,5,3,0,1,0,490,915,1485,464,0,2407,5311,7226,5975,1557,2508,4580,6969,2778,4,n.av.,68,584,101,163,79,1900
ne0042,ne0042,Miro,Vivir,1904,narrative,novela,autobiographical,Spain,29542991,XX1720928,male,Del vivir,174271200,XX2462753,Gabriel Miró,apuntes,free,apuntes,heterodiegetic,male,rural,prose,book,n.av.,Europe,libros de Sigüenza,n.av.,Sigüenza,young,medium,artist,realistic,Europe,Spain,Parcent,Valencia,realista,contemporary,30,high,positive,n.av.,medium,avantgarde,3-modernista,n.av.,1879,1930,33,short-stories,0.5,1914,True,Parcent,True,True,False,True,libro de viaje,n.av.,n.av.,n.av.,n.av.,apuntes,n.av.,n.av.,n.av.,naturalist,modernist,realist,n.av.,social,n.av.,n.av.,n.av.,n.av.,n.av.,n.av.,symbolic,n.av.,n.av.,n.av.,autobiographical,n.av.,25720,153849,13,7,0,241,n.av.,6410,1175,10,0,0,0,0,2,0,290,917,1582,271,0,1688,3759,5415,4497,1142,1957,3069,5283,1959,4,n.av.,46,326,23,55,8,1900
ne0044,ne0044,Miro,Amigo,1908,narrative,novela,bildungsroman,Spain,29542991,XX1720928,male,La novela de mi amigo,310249228,XX2334062,Gabriel Miró,novela,free,novela,homodiegetic,male,rural,prose,book,n.av.,Europe,relatos de la primera etapa,n.av.,Federico Urios,child,medium,artist,realistic,Europe,Spain,mixed,mixed,modernista,contemporary,10950,none,negative,n.av.,medium,avantgarde,3-modernista,n.av.,1879,1930,33,short-stories,0.5,1914,True,Spain,True,True,False,True,n.av.,n.av.,n.av.," Ficción, Europea, Antologías",n.av.,novela,n.av.,n.av.,n.av.,naturalist,modernist,realist,sentimental,n.av.,n.av.,n.av.,n.av.,n.av.,memoir,n.av.,n.av.,n.av.,bildungsroman,n.av.,n.av.,n.av.,19897,114508,12,2,0,196,n.av.,5744,550,9,0,0,0,0,1,0,221,343,1073,451,0,1824,2998,4223,4109,1166,1100,2485,4695,2188,9,n.av.,48,139,27,39,11,1900
ne0073,ne0073,Unamuno,Niebla,1914,narrative,novela,philosophical,Spain,88844103,XX1139151,male,Niebla,214765951,XX2213087,Miguel de Unamuno,n.av.,free,n.av.,homodiegetic,male,big-city,prose,book,5040,Europe,nivola,n.av.,Augusto Pérez,adult,high,none,non-realistic,Europe,Spain,unknown,unknown,modernista,contemporary,60,high,negative,n.av.,high,modernism,2-modernista,n.av.,1864,1936,167,essay,10.0,1901,True,unknown,True,True,False,True,nivola,nivola,Drama,"Bibliotecas, Ficción clásica, Libros escolares; Ficción contemporánea; Ficción clásica; Antologías; Antologías, Ficción clásica, Antologías; Infantil; Educación; Aprendizaje y enseñanza de idiomas, Guías de estudio y repaso, Ficción clásica; Guías de estudio y repaso, Bibliotecas, Libros escolares; Ficción, Europea, Antologías ; Del Caribe y América Latina, Antologías; Hispanoamericana, Ficción clásica, Ficción clásica",nivola,nivola,n.av.,n.av.,n.av.,n.av.,n.av.,n.av.,sentimental,n.av.,n.av.,n.av.,n.av.,philosophical,n.av.,n.av.,n.av.,n.av.,n.av.,n.av.,n.av.,n.av.,60097,332923,39,26,0,1845,n.av.,17027,2283,33,0,0,2,0,2,0,2028,370,2254,1075,1,5098,6494,9046,11342,4069,2219,6175,15657,8134,52,n.av.,291,1109,139,250,58,1910
ne0074,ne0074,Unamuno,Manuel,1931,narrative,novela,philosophical,Spain,88844103,XX1139151,male,"San Manuel Bueno, mártir",183802569,XX2213110,Miguel de Unamuno,n.av.,free,n.av.,homodiegetic,male,rural,prose,book,6067,Europe,nivola,n.av.,Manuel Bueno,adult,medium,religious,realistic,Europe,Spain,Valverde de Lucerna,Castilla,modernista,contemporary,3650,low,negative,n.av.,high,modernism,2-modernista,n.av.,1864,1936,167,essay,8.0,1901,True,Sanabria,True,True,False,True,nivola,n.av.,Drama,"Aprendizaje y enseñanza de idiomas, Ficción clásica, Ficción contemporánea; Antigua y clásica, Ficción contemporánea; Clásicos, Religiosa y espiritual, Clásicos; Ficción religiosa y espiritual, Religiosa y espiritual, Ficción clásica; Infantil; Europea, Antologías; Biográfica, Historias cortas, Ficción clásica; Español y Portugués, Literatura española, Aprendizaje y enseñanza de idiomas; Historia de la religión, Antigua y clásica, Ficción clásica; Hispanoamericana, Ficción clásica, Ficción clásica; Hispanoamericana, Ficción clásica, Ficción clásica; Ficción clásica, Ficción contemporánea; Historia, teoría literaria y crítica, Sociedad y cultura, Infantil;",n.av.,n.av.,n.av.,n.av.,n.av.,n.av.,n.av.,n.av.,n.av.,social,spiritual,n.av.,n.av.,philosophical,n.av.,n.av.,n.av.,n.av.,n.av.,n.av.,n.av.,n.av.,13904,75536,13,31,0,165,n.av.,3066,329,10,0,0,0,0,2,0,207,130,491,868,0,1198,1843,2236,2400,698,443,1811,2788,1684,2,n.av.,22,273,42,39,13,1930
ne0077,ne0077,Bazan,Pazos,1886,narrative,novela,realist,Spain,51699645,XX1104029,female,Los pazos de Ulloa,201886382,XX2120601,Emilia Pardo Bazán,n.av.,free,n.av.,heterodiegetic,male,rural,prose,book,n.av.,Europe,novelas naturalistas,ciclo de Pazos de Ulloa,Julián Álvarez,adult,medium,religious,realistic,Europe,Spain,Pazos de Ulloa,Galicia,naturalista,contemporary,4320,none,negative,n.av.,high,realism,naturalista,n.av.,1851,1921,45,short-stories,5.0,1888,True,Galicia,True,True,True,True,novela naturalista,novela naturalista,Realista,"Antologías; Saga familiar, Ficción clásica; Ficción clásica; Ficción clásica; Libros escolares; Literatura y ficción, Literatura y ficción",naturalism,n.av.,n.av.,n.av.,n.av.,naturalist,n.av.,realist,sentimental,social,n.av.,n.av.,n.av.,n.av.,n.av.,n.av.,n.av.,n.av.,n.av.,n.av.,n.av.,n.av.,83786,491681,33,4,0,711,n.av.,17686,1328,30,0,2,0,0,1,0,899,580,2937,6643,0,5832,13191,19896,15005,4866,5123,12736,15573,7556,18,n.av.,149,1533,368,495,135,1880
ne0082,ne0082,Bazan,Piedra,1891,narrative,novela,philosophical,Spain,51699645,XX1104029,female,La piedra angular,309306988,XX2120604,Emilia Pardo Bazán,n.av.,free,n.av.,heterodiegetic,male,small-city,prose,book,n.av.,Europe,novelas naturalistas,n.av.,Arturo Cáñamo,adult,medium,doctor,realistic,Europe,Spain,Marineda,Galicia,naturalista,contemporary,365,none,negative,n.av.,medium,realism,naturalista,n.av.,1851,1921,45,short-stories,1.0,1888,True,La Coruña,True,True,True,True,novela de tesis,n.av.,n.av.,n.av.,n.av.,n.av.,n.av.,n.av.,n.av.,naturalist,n.av.,realist,n.av.,social,n.av.,n.av.,n.av.,philosophical,n.av.,moralist,n.av.,n.av.,n.av.,n.av.,n.av.,n.av.,51991,305834,20,6,0,424,n.av.,13119,751,18,0,0,0,0,2,0,580,303,1846,1034,0,3951,8273,11769,9324,2971,3209,7747,11025,5017,72,n.av.,128,973,313,217,72,1890
ne0085,ne0085,Bazan,Sirena,1908,narrative,novela,erotic,Spain,51699645,XX1104029,female,La sirena negra,217034240,XX2120608,Emilia Pardo Bazán,n.av.,free,n.av.,autodiegetic,male,big-city,prose,book,n.av.,Europe,superación del naturalismo,n.av.,Gaspar de Montenegro,adult,medium,public servant,realistic,Europe,Spain,Madrid,Castilla,modernista,contemporary,365,none,negative,n.av.,medium,realism,naturalista,n.av.,1851,1921,45,short-stories,1.0,1888,True,Madrid,True,True,True,True,novela esteticista,novela simbolista,"Drama, Psicológico", Antologías; Antologías,n.av.,novela fantástica,n.av.,erotic,n.av.,naturalist,modernist,n.av.,sentimental,n.av.,n.av.,n.av.,n.av.,n.av.,memoir,moralist,n.av.,n.av.,n.av.,n.av.,n.av.,n.av.,40369,235223,19,22,0,300,n.av.,10172,663,18,0,0,0,0,5,0,374,323,1633,1456,0,2680,6313,8936,7590,2107,2834,5994,8781,4345,19,n.av.,66,530,73,155,48,1900
ne0114,ne0114,Unamuno,PazGuerra,1897,narrative,novela,historical,Spain,88844103,XX1139151,male,Paz en la guerra,203743026,XX2213096,Miguel de Unamuno,n.av.,free,n.av.,heterodiegetic,male,big-city,prose,book,16957,Europe,las dos primeras novelas,n.av.,Pedro Antonio Iturriondo,adult,medium,business owner,realistic,Europe,Spain,Bilbao,País Vasco,realista,contemporary,730,medium,negative,1874,medium,modernism,2-modernista,n.av.,1864,1936,167,essay,2.0,1901,True,Bilbao,True,True,True,True,n.av.,novela de guerra,n.av.,"Militar, Bélica, Ficción clásica; Militar, Bélica, Ficción clásica; Ficción clásica;",n.av.,n.av.,n.av.,n.av.,n.av.,n.av.,modernist,realist,n.av.,n.av.,n.av.,historical,n.av.,n.av.,n.av.,n.av.,n.av.,n.av.,n.av.,war-novel,n.av.,n.av.,99681,584038,8,114,0,597,n.av.,20805,1924,5,0,0,1,0,30,0,684,1200,3397,1445,1,5904,17562,24468,16419,3597,5936,17228,19260,8447,127,n.av.,131,2175,345,849,154,1890
ne0135,ne0135,Clarin,Hijo,1891,narrative,novela,realist,Spain,17218138,XX922976,male,Su único hijo,211738325,XX1851798,"Alas, Leopoldo",n.av.,free,n.av.,heterodiegetic,male,small-city,prose,book,n.av.,Europe,n.av.,n.av.,Bonifacio Reyes,adult,medium,artist,realistic,Europe,Spain,unknown,Asturias,naturalista,contemporary,365,none,positive,n.av.,medium,realism,naturalista,n.av.,1852,1901,66,short-stories,3.0,0,True,unknown,True,True,True,True,novela naturalista,novela realista,Drama,n.av.,n.av.,n.av.,n.av.,erotic,n.av.,naturalist,n.av.,realist,sentimental,n.av.,n.av.,n.av.,n.av.,n.av.,n.av.,n.av.,n.av.,n.av.,n.av.,n.av.,n.av.,n.av.,89371,514221,17,8,0,465,n.av.,19547,1178,16,0,0,0,0,5,0,536,689,2914,722,0,6638,13850,19610,15817,5251,5463,13821,17459,8965,31,n.av.,157,1816,341,529,117,1890
ne0144,ne0144,Pereda,Pedro,1883,narrative,novela,historical,Spain,54167127,XX982332,male,Pedro Sánchez,310225443,XX2126282,José María de Pereda,n.av.,free,n.av.,autodiegetic,male,big-city,prose,book,n.av.,Europe,novela cortesana,n.av.,Pedro Sánchez,young,medium,mixed,realistic,Europe,Spain,Madrid,Castilla,realista,contemporary,10080,none,negative,n.av.,medium,realism,realista,n.av.,1833,1906,55,theatre,5.0,0,True,Madrid,True,True,True,True,novela histórica,novela naturalista,n.av.,n.av.,n.av.,n.av.,n.av.,n.av.,n.av.,n.av.,n.av.,realist,sentimental,social,n.av.,historical,n.av.,n.av.,memoir,n.av.,n.av.,n.av.,bildungsroman,n.av.,n.av.,n.av.,110075,628067,36,0,0,708,n.av.,19811,1588,35,0,0,0,0,0,0,930,845,2752,1975,0,8915,17384,22573,17847,6492,6636,17889,18264,12355,52,n.av.,91,1241,377,638,125,1880
ne0145,ne0145,Pereda,Penas,1895,narrative,novela,realist,Spain,54167127,XX982332,male,Peñas arriba,189374962,XX2126283,José María de Pereda,n.av.,free,n.av.,autodiegetic,male,rural,prose,book,n.av.,Europe,n.av.,n.av.,Marcelo Ruiz de Bejos,adult,high,lord,realistic,Europe,Spain,Tablanca,Cantabria,realista,contemporary,365,none,positive,n.av.,medium,realism,realista,n.av.,1833,1906,55,theatre,4.0,0,True,Cantabria,True,True,True,True,novela regionalista,novela caciquil,"Drama, Realista","Literatura y ficción, Literatura y ficción",n.av.,n.av.,n.av.,n.av.,n.av.,n.av.,n.av.,realist,n.av.,n.av.,n.av.,n.av.,n.av.,n.av.,memoir,n.av.,n.av.,n.av.,n.av.,n.av.,n.av.,n.av.,134891,751550,36,2,0,620,n.av.,22507,1452,34,0,0,0,0,1,0,844,795,3069,943,0,11457,21315,26887,21693,8461,7446,22789,20831,14983,51,n.av.,184,1493,297,647,136,1890
ne0146,ne0146,Pereda,Sotileza,1885,narrative,novela,bildungsroman,Spain,54167127,XX982332,male,Sotileza,208722831,XX2126286,José María de Pereda,n.av.,free,n.av.,heterodiegetic,female,small-city,prose,book,n.av.,Europe,n.av.,n.av.,Silda (Sotileza),young,medium,none,realistic,Europe,Spain,Santander,Cantabria,naturalista,contemporary,1825,none,neutral,n.av.,medium,realism,realista,n.av.,1833,1906,55,theatre,4.0,0,True,Santander,True,True,True,True,novela costumbrista,novela costumbrista,"Drama, Realista","Literatura y ficción, Literatura y ficción",n.av.,n.av.,n.av.,n.av.,n.av.,naturalist,n.av.,realist,sentimental,n.av.,n.av.,n.av.,n.av.,n.av.,n.av.,n.av.,n.av.,n.av.,bildungsroman,n.av.,n.av.,n.av.,117347,655263,33,0,0,1258,n.av.,25929,2327,29,0,0,1,0,0,0,1551,1038,2873,849,1,9383,17467,24166,19479,7318,5305,18301,22310,12683,33,n.av.,200,2461,518,750,156,1880
ne0151,ne0151,Valera,Genio,1897,narrative,novela,bildungsroman,Spain,46770556,XX918093,male,Genio y figura...,309272320,n.av.,Juan Valera,n.av.,free,n.av.,mixed,female,big-city,prose,book,n.av.,Europe,n.av.,n.av.,Rafaela de Figueredo,young,high,housewife,realistic,mixed,mixed,mixed,mixed,naturalista,contemporary,10950,none,negative,n.av.,high,realism,realista,n.av.,1824,1905,63,short-stories,2.0,0,True,mixed,True,True,True,True,novela realista,n.av.,n.av.,n.av.,n.av.,n.av.,n.av.,n.av.,n.av.,naturalist,n.av.,realist,sentimental,n.av.,n.av.,n.av.,n.av.,n.av.,memoir,n.av.,n.av.,n.av.,bildungsroman,n.av.,n.av.,n.av.,53082,302457,34,9,0,78,n.av.,7018,707,30,0,0,2,0,3,0,98,588,1943,1337,2,5342,7093,10442,9514,3240,3688,8022,6863,5307,11,n.av.,12,953,240,451,64,1890
ne0152,ne0152,Valera,Juanita,1896,narrative,novela,realist,Spain,46770556,XX918093,male,Juanita la Larga,219966757,XX2215431,Juan Valera,n.av.,free,n.av.,homodiegetic,female,rural,prose,book,n.av.,Europe,n.av.,n.av.,Juana Gutiérrez (Juanita la larga),young,low,worker,realistic,Europe,Spain,Villaalegre,Andalucía,realista,contemporary,365,medium,positive,n.av.,medium,realism,realista,n.av.,1824,1905,63,short-stories,3.0,0,True,Villaalegre,True,True,True,True,novela de evocación,n.av.,Realista,n.av.,n.av.,n.av.,n.av.,n.av.,n.av.,n.av.,n.av.,realist,sentimental,n.av.,n.av.,n.av.,n.av.,n.av.,n.av.,n.av.,n.av.,n.av.,n.av.,n.av.,n.av.,n.av.,72926,408955,49,40,0,304,n.av.,10056,1416,46,0,0,1,0,13,0,375,984,2554,1644,1,7276,9237,14282,13549,4459,3865,10386,9775,7703,103,n.av.,96,1968,181,256,125,1890
ne0153,ne0153,Valera,Morsamor,1899,narrative,novela,fantastic,Spain,46770556,XX918093,male,Morsamor,310919780,XX5521193,Juan Valera,n.av.,free,n.av.,heterodiegetic,male,rural,prose,book,n.av.,Europe,Novelas de la última etapa,n.av.,Miguel de Zuhero (Morsamor),adult,medium,religious,non-realistic,mixed,mixed,mixed,mixed,modernista,modern_times,365,none,positive,n.av.,medium,realism,realista,n.av.,1824,1905,63,short-stories,2.0,0,True,mixed,True,True,True,True,novela de histórica,n.av.,"Aventuras, Fantástico",n.av.,n.av.,novela completa,adventure,erotic,fantastic,n.av.,n.av.,n.av.,n.av.,n.av.,n.av.,n.av.,n.av.,n.av.,n.av.,n.av.,n.av.,n.av.,n.av.,n.av.,n.av.,n.av.,84107,488533,63,34,0,201,n.av.,10604,1161,58,0,3,0,0,10,0,299,863,3007,2100,0,7903,11724,18258,14562,4403,5811,12738,10378,7424,8,n.av.,18,2005,563,714,136,1890
ne0155,ne0155,Picon,DulceSabrosa,1891,narrative,novela,erotic,Spain,35252653,XX1028454,male,Dulce y sabrosa,309261290,XX2132272,Jacinto Octavio Picón,n.av.,free,n.av.,heterodiegetic,male,big-city,prose,book,n.av.,Europe,n.av.,n.av.,Juan de Todellas,adult,high,none,realistic,Europe,Spain,Madrid,Castilla,modernista,contemporary,1800,none,positive,n.av.,medium,realism,naturalista,n.av.,1852,1923,12,short-stories,1.5,0,True,Madrid,True,True,True,True,novela erótica,n.av.,Romántico,n.av.,n.av.,n.av.,n.av.,erotic,n.av.,n.av.,n.av.,realist,sentimental,social,n.av.,n.av.,n.av.,n.av.,n.av.,n.av.,n.av.,n.av.,n.av.,n.av.,n.av.,n.av.,85252,495385,43,3,19,946,n.av.,18723,1953,23,0,0,17,0,1,0,1014,957,3370,940,17,6855,11434,17528,16851,4891,5080,11839,17013,9627,38,n.av.,194,1489,160,367,74,1890
ne0159,ne0159,Trigo,Jarrapellejos,1914,narrative,novela,realist,Spain,79060694,XX1051062,male,Jarrapellejos,176994003,XX2962019,Felipe Trigo,n.av.,free,n.av.,heterodiegetic,male,rural,prose,book,n.av.,Europe,novelas de crítica social,n.av.,Octavio Cidoncha,young,medium,?,realistic,Europe,Spain,La Joya,Extremadura,modernista,contemporary,365,none,negative,n.av.,medium,modernism,2-modernista,high,1864,1916,13,short-stories,1.0,0,False,Extremadura,True,True,True,True,novela de crítica social,novela caciquil,"Drama, Realista",n.av.,n.av.,n.av.,n.av.,erotic,n.av.,n.av.,n.av.,realist,n.av.,social,n.av.,n.av.,n.av.,philosophical,n.av.,moralist,n.av.,n.av.,n.av.,n.av.,n.av.,n.av.,110476,647736,20,29,0,938,n.av.,30156,2006,17,0,0,1,0,4,0,1050,1019,4047,1833,1,7761,17619,26255,17232,6033,6668,18398,26230,9496,162,n.av.,547,2672,947,1019,264,1910
ne0160,ne0160,Trigo,Frio,1906,narrative,novela,erotic,Spain,79060694,XX1051062,male,Del frío al fuego,n.av.,n.av.,Felipe Trigo,n.av.,free,n.av.,autodiegetic,male,boat,prose,book,n.av.,Europe,n.av.,n.av.,Andrés Serván,adult,medium,military personnel,realistic,mixed,mixed,mixed,mixed,modernista,contemporary,90,none,partial positive,n.av.,high,modernism,2-modernista,n.av.,1864,1916,13,short-stories,0.2,0,True,mixed,True,True,False,False,novela erótica,n.av.,n.av.,n.av.,n.av.,n.av.,adventure,erotic,n.av.,n.av.,n.av.,n.av.,sentimental,n.av.,n.av.,n.av.,n.av.,n.av.,n.av.,n.av.,n.av.,n.av.,n.av.,n.av.,n.av.,n.av.,71418,415110,36,33,0,693,n.av.,22015,1984,26,0,0,7,0,10,0,801,1228,3041,1567,7,4346,11373,16120,12625,4300,4600,11158,17125,7214,23,n.av.,378,1011,202,456,80,1900
ne0161,ne0161,Picon,Lazaro,1882,narrative,novela,realist,Spain,35252653,XX1028454,male,Lázaro,n.av.,n.av.,Jacinto Octavio Picón,n.av.,free,n.av.,heterodiegetic,male,rural,prose,book,n.av.,Europe,n.av.,n.av.,Lázaro,young,medium,religious,realistic,Europe,Spain,unknown,?,naturalista,contemporary,365,none,partial negative,n.av.,low,realism,naturalista,n.av.,1852,1923,12,short-stories,0.2,0,True,unknown,True,True,False,False,novela naturalista,n.av.,n.av.,"Literatura y ficción, Literatura y ficción",n.av.,n.av.,n.av.,n.av.,n.av.,naturalist,n.av.,realist,n.av.,n.av.,spiritual,n.av.,n.av.,n.av.,n.av.,n.av.,n.av.,n.av.,n.av.,n.av.,n.av.,n.av.,30732,180234,19,0,0,44,n.av.,4271,312,16,0,0,0,0,0,0,60,249,856,200,0,2082,5549,7184,5355,1335,1942,5004,4164,2628,5,n.av.,6,296,39,104,23,1880
ne0162,ne0162,Picon,JuanV,1885,narrative,novela,bildungsroman,Spain,35252653,XX1028454,male,Juan Vulgar,n.av.,n.av.,Jacinto Octavio Picón,n.av.,free,n.av.,heterodiegetic,male,big-city,prose,book,n.av.,Europe,n.av.,n.av.,Juan Vulgar,young,medium,student,realistic,Europe,Spain,Madrid,Castilla,naturalista,contemporary,4745,none,negative,n.av.,low,realism,naturalista,n.av.,1852,1923,12,short-stories,0.2,0,True,Madrid,True,True,False,False,novela realista,n.av.,n.av.,"Literatura y ficción, Literatura y ficción",n.av.,n.av.,n.av.,n.av.,n.av.,n.av.,n.av.,realist,n.av.,n.av.,n.av.,n.av.,comedy,n.av.,n.av.,n.av.,n.av.,n.av.,bildungsroman,n.av.,n.av.,n.av.,31478,181665,16,13,0,187,n.av.,6141,456,14,0,0,1,0,3,0,218,241,1070,161,1,2209,5011,6720,6014,1910,1745,4784,5663,3249,12,n.av.,55,452,76,147,25,1880
ne0163,ne0163,BlascoIbanez,Arroz,1894,narrative,novela,realist,Spain,73848096,XX1028057,male,Arroz y Tartana,308552181,n.av.,Vicente Blasco Ibáñez,n.av.,free,n.av.,heterodiegetic,female,big-city,prose,book,16413,Europe,novelas valencianas,n.av.,Manuela,adult,medium,business owner,realistic,Europe,Spain,Valencia,Valencia,modernista,contemporary,3600,none,negative,n.av.,medium,modernism,2-modernista,n.av.,1867,1928,23,short-stories,1.0,1909,True,Valencia,True,True,True,True,novela valenciana,novela valenciana,Histórico,n.av.,n.av.,n.av.,n.av.,n.av.,n.av.,naturalist,n.av.,realist,n.av.,social,n.av.,n.av.,n.av.,n.av.,n.av.,n.av.,n.av.,n.av.,n.av.,n.av.,n.av.,n.av.,91010,536909,13,17,0,334,n.av.,15836,1496,12,0,0,0,0,7,0,419,1132,3714,896,0,6251,16171,21988,15174,3784,6004,14512,14777,7001,25,n.av.,144,1545,342,425,99,1890
ne0164,ne0164,BlascoIbanez,Barraca,1898,narrative,novela,realist,Spain,73848096,XX1028057,male,La Barraca,191735765,n.av.,Vicente Blasco Ibáñez,n.av.,free,n.av.,heterodiegetic,male,rural,prose,book,14944,Europe,novelas valencianas,n.av.,Batiste Borrull,adult,low,worker,realistic,Europe,Spain,unknown,Valencia,modernista,contemporary,90,none,negative,n.av.,medium,modernism,2-modernista,n.av.,1867,1928,23,short-stories,1.0,1909,True,unknown,True,True,True,True,novela valenciana,novela valenciana,"Realista, Sátira",n.av.,n.av.,n.av.,n.av.,n.av.,n.av.,naturalist,n.av.,realist,n.av.,social,n.av.,n.av.,n.av.,n.av.,n.av.,n.av.,n.av.,n.av.,n.av.,n.av.,n.av.,n.av.,54172,318616,12,0,0,125,n.av.,9245,1201,10,0,0,0,0,0,0,142,1065,2205,1300,0,3216,9937,12945,10189,2393,3288,7547,8440,3960,27,n.av.,68,727,86,158,66,1890
ne0170,ne0170,Clarin,Cuesta,1891,narrative,novela,erotic,Spain,17218138,XX922976,male,Cuesta abajo,n.av.,n.av.,"Alas, Leopoldo",n.av.,free,n.av.,autodiegetic,male,big-city,prose,serial,n.av.,Europe,n.av.,n.av.,Narciso Arroyo,adult,medium,teacher,realistic,Europe,Spain,Madrid,Castilla,naturalista,contemporary,365,none,positive,n.av.,medium,realism,naturalista,n.av.,1852,1901,66,short-stories,0.5,0,True,Madrid,True,True,False,False,n.av.,n.av.,n.av.,n.av.,n.av.,n.av.,n.av.,erotic,n.av.,naturalist,n.av.,realist,sentimental,n.av.,n.av.,n.av.,n.av.,n.av.,n.av.,n.av.,n.av.,n.av.,n.av.,n.av.,n.av.,n.av.,18450,104787,14,9,0,69,n.av.,3624,259,13,0,0,0,0,2,0,79,167,652,428,0,1391,2864,3768,3083,1221,1311,2821,3384,1943,4,n.av.,39,182,57,103,18,1890
ne0174,ne0174,Alarcon,Capitan,1881,narrative,novela,realist,Spain,44294383,XX920308,male,El Capitán Veneno,186261440,n.av.,Pedro Antonio de Alarcón,n.av.,free,n.av.,heterodiegetic,male,big-city,prose,book,n.av.,Europe,n.av.,n.av.,Jorge de Córdoba (capitán Veneno),adult,medium,military personnel,realistic,Europe,Spain,Madrid,Castilla,realista,contemporary,730,none,positive,n.av.,low,realism,realista,n.av.,1833,1891,54,short-stories,0.2,0,True,Madrid,True,True,False,False,novela realista,n.av.,Humor,Ficción contemporánea,n.av.,n.av.,n.av.,n.av.,n.av.,n.av.,n.av.,realist,sentimental,n.av.,n.av.,n.av.,n.av.,n.av.,n.av.,n.av.,n.av.,n.av.,n.av.,n.av.,n.av.,n.av.,40565,237986,51,0,0,290,n.av.,9713,664,27,0,4,0,0,0,0,367,321,465,941,0,1875,2839,4436,4521,1395,1160,2450,5225,2292,14,n.av.,60,439,299,73,126,1880
ne0175,ne0175,Alarcon,Bola,1880,narrative,novela,bildungsroman,Spain,44294383,XX920308,male,El niño de la Bola,312335351,n.av.,Pedro Antonio de Alarcón,novela,free,novela,heterodiegetic,male,rural,prose,book,n.av.,Europe,n.av.,n.av.,Manuel de Venegas,young,medium,worker,realistic,Europe,Spain,Guadix,Andalucía,realista,contemporary,11680,none,negative,n.av.,medium,realism,realista,n.av.,1833,1891,54,short-stories,4.0,0,True,Guadix,True,True,True,True,novela romántica,n.av.,Realista," Ficción, Europea, Antologías; Literatura y ficción, Literatura y ficción;",n.av.,novela,n.av.,n.av.,n.av.,n.av.,n.av.,realist,sentimental,social,spiritual,n.av.,n.av.,n.av.,n.av.,n.av.,n.av.,n.av.,bildungsroman,n.av.,n.av.,n.av.,74159,431027,32,0,0,676,n.av.,19767,1469,25,0,5,1,0,0,0,891,763,1158,1870,1,5801,10989,16005,14729,4702,4652,9221,16701,7335,35,n.av.,166,1679,449,389,416,1880
ne0176,ne0176,Alarcon,Prodiga,1882,narrative,novela,realist,Spain,44294383,XX920308,male,La pródiga,310912416,XX2252047,Pedro Antonio de Alarcón,novela,free,novela,heterodiegetic,male,rural,prose,book,n.av.,Europe,novela de tesis,n.av.,Guillermo de Loja,adult,medium,politician,realistic,Europe,Spain,unknown,Andalucía,realista,contemporary,730,none,negative,18??,medium,realism,realista,n.av.,1833,1891,54,short-stories,3.0,0,True,unknown,True,True,True,True,novela de tesis,n.av.,n.av.,n.av.,n.av.,novela,n.av.,n.av.,n.av.,n.av.,n.av.,realist,sentimental,social,n.av.,n.av.,n.av.,n.av.,n.av.,n.av.,n.av.,n.av.,n.av.,n.av.,n.av.,n.av.,63248,371799,51,8,0,585,n.av.,20587,1152,44,0,5,0,0,1,0,828,510,695,1623,0,5532,9085,13845,12800,4081,3672,7862,14938,5811,69,n.av.,132,1397,741,438,277,1880
ne0192,ne0192,Lanza,Artuna,1893,narrative,novela,erotic,Spain,24624818,XX952949,male,Artuña,n.av.,XX2592005,Silverio Lanza,n.av.,free,n.av.,heterodiegetic,male,big-city,prose,book,n.av.,Europe,principales obras,n.av.,Luis Noisse,adult,medium,researcher,realistic,Europe,Atarjea,Granburgo,Granburgo,modernista,contemporary,730,none,negative,18??,medium,modernism,1-modernista,n.av.,1856,1912,13,short-stories,1.0,0,False,Granburgo,True,True,False,False,n.av.,n.av.,n.av.,n.av.,n.av.,n.av.,n.av.,erotic,n.av.,n.av.,n.av.,n.av.,sentimental,social,n.av.,n.av.,n.av.,n.av.,n.av.,n.av.,n.av.,n.av.,n.av.,n.av.,n.av.,n.av.,89990,516315,59,30,0,4273,n.av.,22128,5430,39,0,9,4,0,6,0,4321,1065,2861,1348,0,8806,13054,17315,18911,5817,3928,10489,20987,10355,62,n.av.,211,1783,209,387,81,1890
ne0227,ne0227,Trigo,Medico,1912,narrative,novela,realist,Spain,79060694,XX1051062,male,El médico rural,bimo0001512007,n.av.,Felipe Trigo,n.av.,free,n.av.,heterodiegetic,male,rural,prose,book,n.av.,Europe,novelas de crítica social,n.av.,Esteban Sicilia,adult,medium,doctor,realistic,Europe,Spain,Castellar,Andalucía,modernista,contemporary,365,medium,partial negative,1910,medium,modernism,2-modernista,medium,1864,1916,13,short-stories,0.5,0,True,Andalucía,True,True,False,True,novelas de crítica social,novela erótica,"Drama, Realista","Ficción histórica, Ficción por género ; Ficción histórica, Ficción histórica, Ficción por género",n.av.,n.av.,n.av.,n.av.,n.av.,n.av.,n.av.,realist,sentimental,social,n.av.,n.av.,n.av.,n.av.,n.av.,n.av.,n.av.,n.av.,n.av.,n.av.,autobiographical,n.av.,89400,527740,34,16,0,791,n.av.,21970,2142,28,0,2,3,0,3,0,930,1296,3336,671,3,6792,14477,20808,14590,4871,5895,14518,19513,7910,30,n.av.,400,2097,324,480,87,1910
ne0287,ne0287,Lanza,Marques,1889,narrative,novela,philosophical,Spain,24624818,XX952949,male,Noticias biográficas acerca del Excmo. Sr. Marqués del Mantillo,n.av.,XX2592013,Silverio Lanza,biografía,free,biografía,homodiegetic,male,big-city,prose,book,n.av.,Europe,primeras novelas,n.av.,Nicasio Álvarez,adult,medium,politician,realistic,Europe,Spain,unknown,unknown,modernista,contemporary,3650,none,partial negative,18??,medium,modernism,1-modernista,n.av.,1856,1912,13,short-stories,0.5,0,True,unknown,True,True,False,False,n.av.,n.av.,n.av.,Ficción clásica,n.av.,biografía,n.av.,n.av.,n.av.,n.av.,n.av.,realist,n.av.,n.av.,n.av.,historical,n.av.,philosophical,n.av.,moralist,n.av.,political-fiction,n.av.,n.av.,n.av.,n.av.,24124,144067,13,4,0,228,n.av.,4000,697,8,0,0,0,0,1,0,234,450,769,1406,2,1509,3291,4454,3331,912,1170,2517,2995,1452,30,n.av.,20,467,173,54,52,1880
ne0288,ne0288,Lanza,NiVida,1890,narrative,novela,realist,Spain,24624818,XX952949,male,Ni en la vida ni en la muerte,n.av.,XX2048088,Silverio Lanza,n.av.,free,n.av.,homodiegetic,female,rural,prose,book,n.av.,Europe,primeras novelas,n.av.,Loreto Lasama,child,low,none,realistic,Europe,Atarjea,Villaruin,n.av.,modernista,contemporary,7,low,negative,19??,high,modernism,1-modernista,n.av.,1856,1912,13,short-stories,0.2,0,False,Villaruin,True,True,False,False,n.av.,n.av.,n.av.,Ficción clásica,n.av.,n.av.,n.av.,n.av.,n.av.,naturalist,n.av.,realist,n.av.,social,n.av.,n.av.,comedy,n.av.,n.av.,moralist,n.av.,n.av.,n.av.,n.av.,n.av.,n.av.,12599,71787,18,0,0,379,n.av.,2608,625,11,0,2,2,0,0,0,380,230,489,547,2,993,1774,2426,2193,735,532,1521,2248,1212,6,n.av.,37,188,49,94,21,1890
ne0325,ne0325,Clarin,Regenta1,1885,narrative,novela,realist,Spain,17218138,XX922976,male,La Regenta,183080784,XX3383561,"Alas, Leopoldo",n.av.,free,n.av.,heterodiegetic,female,small-city,prose,book,n.av.,Europe,La Regenta,n.av.,Ana Ozores,adult,high,housewife,realistic,Europe,Spain,Vetusta,Asturias,naturalista,contemporary,3,none,negative,n.av.,medium,realism,naturalista,n.av.,1852,1901,66,short-stories,16.0,0,True,Oviedo,True,True,True,True,novela naturalista,novela caciquil,Drama,"Ficción clásica, Ficción contemporánea; Ficción clásica",novela naturalista,n.av.,n.av.,erotic,n.av.,naturalist,n.av.,realist,sentimental,n.av.,n.av.,n.av.,n.av.,n.av.,n.av.,n.av.,n.av.,n.av.,n.av.,n.av.,n.av.,n.av.,145669,843188,18,49,0,1568,n.av.,30703,3208,15,0,0,1,0,17,0,1869,1573,6065,2169,1,9731,22811,32190,25733,8111,8068,20487,27443,13404,44,n.av.,285,3183,1257,1085,307,1880
