<?xml version="1.0" encoding="UTF-8"?>
<?xml-model href="https://raw.githubusercontent.com/cligs/reference/master/tei/standard/cligs.rnc" type="application/relax-ng-compact-syntax"?>
<TEI xmlns="http://www.tei-c.org/ns/1.0">
    <teiHeader>
        <fileDesc>
            <titleStmt>
                <title type="main">Doni nuziali</title>
                <title type="short">Nuziali</title>
                <author>
                    <name type="full">Albertazzi, Adolfo</name>
                    <name type="short">Albertazzi</name>
                    <idno type="viaf">104161</idno>
                </author>
                <principal xml:id="uhk">Ulrike Henny-Krahmer</principal>
            </titleStmt>
            <extent>
                <measure unit="words">3796</measure>
            </extent>
            <publicationStmt>
                <publisher>
                    <ref target="http://cligs.hypotheses.org/">CLiGS</ref>
                </publisher>
                <availability status="free">
                    <licence target="https://creativecommons.org/licenses/by-sa/4.0/">CC BY-SA
                        4.0</licence>
                </availability>
                <date>2017</date>
                <idno type="cligs">it0015</idno>
                <idno type="url"/>
            </publicationStmt>
            <sourceDesc>
                <bibl type="digital-source"> "Doni nuziali." <seg rend="italic">Novelle
                        umoristiche.</seg> Project Gutenberg, <idno>48779</idno>, <date
                        when="2015-04-24">April 24, 2015</date>, <ref
                        target="http://www.gutenberg.org/ebooks/48779"
                        >http://www.gutenberg.org/ebooks/48779</ref>. </bibl>
                <bibl type="print-source"> "Doni nuziali." <seg rend="italic">Novelle
                        umoristiche.</seg> Milano: Fratelli Treves, Editori. <date when="1914"
                        >1914</date>. Nuova edizione riveduta e corretta. </bibl>
            </sourceDesc>
        </fileDesc>
        <encodingDesc>
            <p/>
        </encodingDesc>
        <profileDesc>
            <abstract>
                <p/>
            </abstract>
            <textClass>
                <keywords scheme="keywords.csv">
                    <term type="author-gender">male</term>
                    <term type="author-continent">Europe</term>
                    <term type="author-country">Italy</term>
                    <term type="language">Italian</term>

                    <term type="form">prose</term>
                    <term type="supergenre">narrative</term>
                    <term type="genre">short story</term>
                    <term type="genre-title">novella</term>
                    <term type="subgenre-title">novella umoristica</term>
                </keywords>
            </textClass>
        </profileDesc>
        <revisionDesc>
            <change when="2017-11-14" who="#uhk">Initial TEI version.</change>
        </revisionDesc>
    </teiHeader>
    <text>
        <body>
            <div>
                <head>Doni nuziali</head>
                <div type="chapter">
                    <head>I.</head>
                    <p>.... — Gioielli, no; che a te come a me non piace il lusso; e neanche alla
                        sposa, speriamo. Dunque?</p>
                    <p>— Ma niente, zio.... Non si disturbi!</p>
                    <p>— E tu dàlli! Torno a dirti che non voglio sfigurare in faccia a nessuno.
                        Cosa daranno i parenti della sposa, quelli così signori? E i testimoni?</p>
                    <p>— Ma....</p>
                    <p>— Eh eh! Me l'imagino: chi la spilla, chi le boccole, chi il monile....
                        Vedrai...: sciocchezze, grandezze! moda! fumo, insomma! Ma se io avessi
                        preso moglie (non l'ho presa perchè le donne costano), primo patto: fuori di
                        casa i parenti della sposa, i parenti alla moda!</p>
                    <p>— Già!, chi potesse....</p>
                    <p>— Niente regali! nessun obbligo, con nessuno! Perchè, si sa, i parenti che
                        non hanno più cuore che quattrini, presto o tardi ti fan scontare le carezze
                        e i regali. Ma io....</p>
                    <p>— Oh sì! lei è buono; mi ha sempre voluto bene.... — interruppe Terpalli.</p>
                    <p>— Mio dovere. Dunque?</p>
                    <p>— Non so....</p>
                    <p>— Al corredo ci avrà pensato la mamma della sposa; alla mobilia ci hai
                        pensato tu. Scommetto anzi che hai provveduto a tutto, da bravo omino; che
                        non vi manca proprio nulla!</p>
                    <p>— Ho fatto il possibile...; ma provvedere a tutto.... capirà....</p>
                    <p>— Ti bisognano tovaglie e salviette? Hanno aperto un bel negozio in via
                        Garibaldi....</p>
                    <p>— No: grazie; ne abbiamo.</p>
                    <p>— Seggiole?... Tende?...</p>
                    <p>— Grazie....</p>
                    <p>— Che imbroglio, Signore Iddio! Parla! Di' su! spiegati!</p>
                    <p>— Faccia lei!... Quel che vuole....</p>
                    <p>— Quel che voglio? Io non voglio niente, io! L'orologio? l'hai. Vestito, sei
                        vestito.... A meno che non ti bisognasse.... Oh! Vuoi un bel lume?</p>
                    <p>— Piuttosto...; giacchè lei è così buono, se crede...; se non le par
                        troppo...; anche la Gigia gradirebbe «un servizio da caffè».</p>
                    <p>Pareva avesse invocata una cosa dell'altro mondo!</p>
                    <p>— Un servizio da caffè? — esclamò lo zio.</p>
                    <p>— Prendete il caffè voi altri?... Non vi dà ai nervi?</p>
                    <p>— Ma.... per gl'invitati; per qualche amico che capiti, alle volte....</p>
                    <p>— Bene bene! Vada per il «servizio »; conforme, però, alle mie povere forze;
                        se vi contenterete....</p>
                    <p>Contentissimo, Gustavo Terpalli invitò lo zio alla colazione nuziale; lo
                        scongiurò che non mancasse.</p>
                    <p>Poi quando egli fu giunto di corsa dalla fidanzata, ed ebbe detto a lei e
                        alla madre del casuale incontro con lo zio Tarabusi, tutti e tre scoppiarono
                        in una risata gioconda. Infatti, da che aveva avuta notizia del prossimo
                        matrimonio, lo zio sfuggiva il nipote — al quale, scontroso e timido,
                        rincresceva andare a cercarlo — e per risparmiarsi il dono di nozze si
                        sarebbe nascosto sotterra; quantunque fosse pieghevole ai rispetti umani e
                        sempre dubitasse di apparire avaro come era.</p>
                    <p>— Figuratevi con che aria mi diceva «me ne rallegro!»; con che inchini ha
                        risposto all'invito della colazione, e con che bocca mi ha detto (e Terpalli
                        boffonchiava): «Grazie! Vedrò..., potendo.»</p>
                    <p>La fidanzata rideva sino alle lagrime e le sembrava vedere quella faccia nuda
                        e tonda simile a quella d'un comico, e il lungo soprabito, e
                        gl'inchini....</p>
                    <p>— E figuratevi come è diventato rosso a udire chi sono i vostri parenti. Ah
                        ah! signori!... signoroni!</p>
                    <p>— E il regalo? — domandò la mamma.</p>
                    <p>— L'ha proposto lui!</p>
                    <p>— Lui?</p>
                    <p>— Lui? Che cosa?</p>
                    <p>— Eh! dopo mia lunga tiritera..., per non cascare in cose di troppo costo...,
                        ha offerto.... un lume!</p>
                    <p>La Gigia battè le mani.</p>
                    <p>— Io invece mi son fatto coraggio e gli ho domandato un «servizio da
                        caffè».</p>
                    <p>— Bravo! — esclamò la Gigia. — È meglio! molto meglio!</p>
                    <p>Ma la madre scosse il capo.</p>
                    <p>— No. Era meglio il lume.</p>
                    <p>— Scusi — ribattè Gustavo —; ieri sera non diceva anche lei che il «servizio
                        da caffè» ci sarebbe necessario? Chi deve pensare a regalarcelo?</p>
                    <p>— Una bella lampada nel salottino ci vuole: l'ho detto sempre — insisteva la
                        vecchia. — Adesso è fatta....</p>
                    <p>— La compreremo.</p>
                    <p>No e sì. Comprerebbero piuttosto due candelabri. Sì e no. Ma l'orologio
                        avvertì Gustavo che era trascorsa l'ora, perchè aveva perduto tempo con lo
                        zio.</p>
                    <p>— Addio, Gigia; addio, mamma....</p>
                    <p>E via.</p>
                    <p>.... Povero e bravo Terpalli! La buona volontà, la nativa tendenza ai
                        protocolli e ai libri mastri, la mano calligrafica e il bisogno gli
                        consentivano poco più di mezz'ora ogni giorno e di un'ora ogni sera agli
                        amorosi colloqui con la sposa e con la suocera. Oggidì quanti giovani
                        potrebbero enumerarsi che stiano dalle nove alle quindici in un ufficio
                        comunale; poi dalle sedici alle diciotto e quindi dalle venti alle ventidue
                        in un ufficio privato, ove senz'astio, tranquillamente, sommare rendite e
                        spese d'un conte milionario? A un uomo che si sottoponga a così disumano
                        lavoro e che non scorga al suo termine una oasi o un giardino fiorito, non
                        la gloria, non la ricchezza, ma sempre cammini con passo uguale per una
                        pianura uguale sempre, per un deserto lungo una vita intera, a un tal uomo
                        non basta il conforto di fumare qualche sigaro. Troppo poco! Era destino che
                        Gustavo Terpalli si ammogliasse. E, per economia, egli smise anche il vizio
                        di fumare; e guai per lui se non fosse incappato in una donnina savia: Ma in
                        fatto di mogli la fortuna, che in altri generi talvolta sembra parziale per
                        i birbanti, è imparziale e davvero cieca con tutti. Terpalli aveva potuto
                        chiamarsi fortunato e restare un onesto ragazzo quand'era venuto ad
                        alloggiare in casa d'una umile vedova, la cui soave figliola sentiva volare
                        il tempo senza speranze di nozze e di vita.</p>
                    <p>Proprio la ragazza adatta a lui! Egli era magrolino e timido d'animo come di
                        baffi, che radi radi sotto il naso acquistavano un po' più di vigore solo
                        agli angoli della bocca; e la Gigia era piccolotta e grassoccia, molto
                        timida fuori di casa, e con un po' di peluria anche lei agli angoli delle
                        labbra. Finchè, un bel giorno, alla dimanda della vedova: — Perchè non
                        prende moglie, signor Terpalli? —, egli aveva risposto guardando alla
                        figliola:</p>
                    <p>— Ci penso spesso, all'ufficio. E lei? (Non osava dire «signorina».)</p>
                    <p>La ragazza era arrossita sino alla gola ridendo commossa, eccitata dal suo
                        stesso pensiero che le occhiate patetiche e fuggevoli del giovane, nei dì
                        addietro, non dissimulassero un inganno; e, poverina, per trarsi d'impaccio
                        e giustificare quel riso disse una stupidaggine:</p>
                    <p>— Se ci penso.... all'ufficio?</p>
                    <p>Parve una canzonatura; per cui Terpalli, un po' permaloso, aveva scosse le
                        spalle e tenuto il broncio quasi una settimana. Dopo, si pacificarono con
                        nuove occhiate; e poi la dimanda alla madre, e l'assenso.</p>
                    <p>Ed era una consolazione a vederli, quei ragazzi; così di rado la fortuna
                        aiuta con indulgenza e prontezza due cuori a intendersi e ad appagarsi
                        pienamente l'uno dell'altro. Che se l'amore buono è interpretazione,
                        chiaroveggenza reciproca, presentimento e consentimento, è telepatia,
                        l'amore della Gigia e di Gustavo Terpalli era un perfetto amore. Pensava
                        l'uno durante le ore d'ufficio:</p>
                    <p>«Cosa farà adesso?... Adesso ripulisce i miei panni; aiuta la mamma a
                        spolverare». Oppure: «Cuce per il corredo; discorre con la sarta». Oppure:
                        «Attende al desinare.... Batte il prezzemolo.... Ohi ohi!: affacciatasi per
                        caso, un momento, alla finestra, un giovanotto la guarda...; e lei, via!;
                        scappa. È un angelo!»</p>
                    <p>E l'altra pensava:</p>
                    <p>«Cosa farà?... Mette lettere a protocollo; registra un <seg rend="italic"
                            >atto</seg>; <seg rend="italic">esaurisce una pratica</seg>; sbriga un
                        importuno.... Oh Dio! Scrive per il conte, di nascosto, tanta ha voglia di
                        spicciarsi stasera.... Ma se lo sorprende il capufficio?... Ecco, ecco: lo
                        sorprende, lo sgrida!...» — E accadde che un giorno Gustavo si sforzasse a
                        contener l'ira a cui l'aveva acceso il capufficio, perchè la Gigia lo
                        quetasse e l'esortasse a non infrangere mai più, per amor suo, alcuna
                        regola; ed accadde che con la mite cattiveria delle ragazze ingenue e buone
                        la Gigia un giorno raccontasse a Gustavo:</p>
                    <p>— Oggi, sai, mi sono affacciata un momento alla finestra, e passava un bel
                        giovinotto.... — Per gioco si bisticciavano, talora, quei figlioli: e la
                        mamma li lasciava fare guatandoli felice.</p>
                    <p>Non mancavano tuttavia i gravi pensieri; le spese per allestire la nuova
                        casa. A provvederla di solo quanto era necessario, e non superfluo, non
                        sarebbero bastati a Terpalli i risparmi di due anni, se la mamma non gli
                        fosse venuta in soccorso con tutto il suo avere; e per le cose superflue —
                        di assoluta necessità, una volta provviste le altre — lasciarono l'incarico
                        al caso nella consuetudine dei doni nuziali. Uno specchio per il salotto;
                        una lampada da appendere, o due candelabri; uno o due vasi giapponesi, di
                        quelli in cui si gettano, sparsi, fiori e penne; un bell'«album» da ritratti
                        e un cofano, alla moda, per i biglietti, eran tutte cose che premevano.
                        Seguivano, soltanto desiderabili, sei posate in luogo di quelle comuni
                        ereditate dalla mamma; e forse d'un «servizio da caffè» non avrebbero potuto
                        fare a meno neppure se Gustavo non si fosse imbattuto in quell'ipocrita
                        dello zio Tarabusi.</p>
                </div>
                <div type="chapter">
                    <head>II.</head>
                    <p>Questi, subito, quasi avesse fretta di levarsi un peso d'addosso, mandò un
                        «servizio» di sei tazze, poh! abbastanza fine: Ginori di seconda
                        qualità.</p>
                    <p>— Di terza, di terza! — mormorò la mamma, meno paga e sempre astiosa con
                        l'ipocrita e avaro donatore. Ma — A caval donato.... — aggiungeva per suo
                        stesso conforto.</p>
                    <p>Quanto agli altri regali desiderati e attesi: nessuno; e quale rabbia
                        allorchè una prozia e una cugina, su la cui intelligenza s'era fatto
                        assegnamento, inviarono la prima un ombrello di raso paonazzo e la seconda
                        un astuccio per guanti! Stupide! La Gigia era forse una donna più da
                        passeggio che da casa? Chi regalerebbe ora il cofano, i candelabri o il
                        lume, lo specchio e l'album? Forse la zia paterna, ch'era ricca assai,
                        manderebbe alla sposa le posate? Forse lo zio paterno manderebbe i vasi
                        giapponesi?</p>
                    <p>.... — Vostro zio? — domandava Terpalli ogni volta che rincasava, facendo
                        quattro gradini alla volta.</p>
                    <p>Sì! Lo zio materno — a loro che avevano rinunciato al viaggio di nozze —
                        regalò.... una borsa da viaggio!</p>
                    <p>.... — La zia?</p>
                    <p>Un monile bello, assai bello, regalò la zia; ma la Gigia avrebbe preferita
                        qualche cosa di più utile sebbene di minor prezzo; avrebbe preferito restar
                        disadorna lei a lasciar il salotto disadorno, nudo.</p>
                    <p>Nè le amiche poterono far molto: un libro da messa; una scatola di profumi;
                        cinque metri di pizzo; un cuscino da sofà; un portafogli ricamato
                        all'antica....</p>
                    <p>Quand'ecco, alla vigilia del gran giorno, la mamma su la scala venne incontro
                        a Terpalli più che desolata, irosa e sbuffante. Una combinazione
                        incredibile! La signora Tecla, antica loro conoscente, memore d'aver visto
                        nascere la Gigia, aveva pensato a un regaluccio: e aveva pensato proprio
                        a.... un «servizio da caffè»! A guardare la faccia della mamma mentre
                        diceva: — Eh! che ne dite? —, Gustavo credè leggervi come un'accusa di
                        complicità sua col caso; e provò tal pena a veder lagrimosa la Gigia mentre
                        essa diceva: — Si può essere più disgraziati? — che si sforzò a ridere, da
                        uomo di spirito.</p>
                    <p>— Faremo così: quello di mio zio — disse — l'useremo per romperlo; e quello
                        della signora Tecla lo metteremo nel salotto per conservarlo.</p>
                    <p>— Già: sulla tavola, con l'ombrello aperto! e, sotto, la borsa, il libro da
                        messa, la scatola di profumi e il cuscino! Che bel salotto! — esclamò la
                        Gigia.</p>
                    <p>Propose Gustavo:</p>
                    <p>— Perchè non avvertire la signora Tecla? Potrebbe ottenere qualche cosa in
                        cambio, dal negoziante.</p>
                    <p>— Oh io non m'attento! — borbottò la mamma.</p>
                    <p>E la figliola:</p>
                    <p>— Nemmeno io!</p>
                    <p>— Dunque si tiene il secondo «servizio» e si ringrazia! — disse Terpalli, al
                        quale rincrebbero il broncio della vecchia e l'ironia della sposa.</p>
                    <p>— Lo butterei dalla finestra! — esclamò la Gigia, alla quale per contro
                        rincresceva l'indifferenza ostentata dallo sposo.</p>
                    <p>— Ma la colpa è vostra! — esclamò la mamma, che il riso del genero aveva
                        inviperita.</p>
                    <p>— Che colpa?</p>
                    <p>La vecchia tacque; poi sospirò e borbottò:</p>
                    <p>— E siete senza parenti; non avete che quell'avaro gesuita!</p>
                    <p>— Colpa mia? — Gustavo dimandava. — Colpa mia? — ripeteva.</p>
                    <p>Presentendo il litigio, la ragazza pregò:</p>
                    <p>— Zitti! basta!</p>
                    <p>— Se non ho parenti, ho degli amici — asserì lo sposo. — Ho i colleghi!</p>
                    <p>Allora la signora Clotilde si mise a ridere lei.</p>
                    <p>— I colleghi? Un mazzo di fiori e tanti saluti! Un <seg rend="italic"
                            >bouquet</seg>, come daranno i vostri testimoni; e ciao!</p>
                    <p>— E il conte? Perchè è in viaggio credete si dimentichi?... Mi vuol bene,
                        lui!</p>
                    <p>Terpalli l'aveva ricordato per il colpo finale.</p>
                    <p>Il signor conte non solo non si dimenticherebbe, ma spedirebbe o le posate o
                        lo specchio.</p>
                    <p>— Vedrete!</p>
                    <p>Questa la sua fede.</p>
                    <p>— Il conte? — ribattè la mamma rivelandosi del tutto suocera. — Neanche un
                        biglietto vi manda! Ci scommetto!</p>
                    <p>— Forse sì e forse no.</p>
                    <p>— Oh che pretendereste da lui? Cosa può regalare a un impiegato così....
                        modesto come voi?</p>
                    <p>— Il lume! — rispose in modo di canzonatura Gustavo.</p>
                    <p>Frattanto la Gigia pregava:</p>
                    <p>— Smettetela; finitela....</p>
                    <p>— Il lume dovevate chiederlo a quel tanghero; e adesso non avreste due
                        servizi da caffè!</p>
                    <p>— Ma sono un profeta, io? — urlò Terpalli.</p>
                    <p>— Profeta, no; timido, sì.</p>
                    <p>.... — Mamma! Gustavo!</p>
                    <p>— Timido?</p>
                    <p>— Timidissimo! Avete avuto paura d'obbligarvi troppo con vostro zio, e gli
                        avete domandato quel che costa meno!</p>
                    <p>— Sissignora! E ho fatto uno sforzo a domandare anche così poco!</p>
                    <p>— Ma Dio vi ha castigato! Chi non si aiuta..., mio marito lo diceva sempre,
                        muore senza aver goduta una zuppa calda!</p>
                    <p>— Mio marito; — grugniva Gustavo senza attendere alla Gigia che lo tirava per
                        la giacca. — Sempre «mio marito»! Lui, lui sapeva stare al mondo!</p>
                    <p>— Ah, meglio di voi, signorino!</p>
                    <p>— Infatti....</p>
                    <p>.... E la Gigia scoppiò in pianto. E lo sposo afferrò il cappello, e scappò
                        via.</p>
                    <p>— Gustavo! Gustavo!</p>
                    <p>— Mio marito era un uomo! — la suocera gli gridava dietro. — Si può dir
                        forte: era un uomo lui! Se fu disgraziato....</p>
                    <p>Insomma, la buona donna aveva bisogno di sfogare un gran malumore; e la buona
                        figliola ebbe ragione di gemere:</p>
                    <p>— Il cuore me lo diceva che eravamo troppo felici!</p>
                </div>
                <div type="chapter">
                    <head>III.</head>
                    <p>ALLA CITTÀ DI PARIGI. GRANDE ASSORTIMENTO DI OROLOGI E SVEGLIE. NOVITÀ IN
                        OGNI GENERE. BIJOUTERIA — CHINCAGLIERIA — ARGENTO CHRISTOFLE. REVOLVERS E
                        FUCILI. EMPORIUM PER REGALI — GIOCATTOLI.</p>
                    <p>Il commesso s'inchinò ai tre signori, che entrando l'uno dopo l'altro
                        gettarono uno sguardo intorno, come per sorprendere un oggetto e riposarvi
                        il pensiero incerto; quindi, dopo i tre inchini, chiese:</p>
                    <p>— Desiderano?</p>
                    <p>— Un regalo per nozze.</p>
                    <p>— S'accomodino. Ne abbiamo di tutte le sorta.</p>
                    <p>Infatti troppe cose attiravan l'occhio là dentro.</p>
                    <p>Per di più, Bonariva, Sandri e Guizzi, quantunque d'accordo a spendere poco
                        in cosa che desse apparenza di molta spesa, erano discordi nel dono da
                        scegliere.</p>
                    <p>— Se prendessimo.... un tavolino da lavoro, per la sposa? — suggerì primo
                        Bonariva; quantunque poco lieto lui stesso della proposta.</p>
                    <p>— Ti pare? — esclamò Sandri. — Tocca farli ai parenti cotesti regali da buona
                        famiglia! Tocca alle amiche della sposa.</p>
                    <p>— Piuttosto due vasi — proponeva Guizzi.</p>
                    <p>— Vasi di vero Giappone, o d'imitazione tedesca.... Da trecento lire a
                        quindici. Vedano.... — Così dicendo il commesso accennava a quelli da
                        trecento lire.</p>
                    <p>— Ce ne mostri da venti — rispose Guizzi, intanto che Bonariva disapprovava
                        col capo.</p>
                    <p>— Belli, eh? Mi piacciono. — Piacevano anche a Sandri, e costavano poco.</p>
                    <p>— Osservo — disse Bonariva — che i vasi sono pericolosi....</p>
                    <p>— Già, se vanno in terra....</p>
                    <p>— No, non per questo! Chi non sa che cosa regalare, regala due vasi, sempre:
                        c'è il pericolo d'una combinazione.</p>
                    <p>Nè Sandri poteva dargli torto. Guizzi allora mutò consiglio.</p>
                    <p>— Prendiamo uno specchio.</p>
                    <p>— Peggio! Credi che non l'abbiano uno specchio?</p>
                    <p>— Ma bello; per il salotto.</p>
                    <p>— Che! Non son gente da salotto!</p>
                    <p>— Veramente sarebbe meglio conciliare il bello con l'utile — mormorava
                        Sandri.</p>
                    <p>E a lui il commesso:</p>
                    <p>— Un <seg rend="italic">nécessaire</seg> da viaggio?... Un <seg rend="italic"
                            >lavabo</seg>?</p>
                    <p>— No, no. — Bonariva insisteva per qualche cosa di più utile e di meno
                        comune.</p>
                    <p>— Un astuccio per guanti? un cofanetto? Sono di moda; servono a tanti usi!
                        Guardino questo: dorato a fuoco. Resterà tale e quale cent'anni.</p>
                    <p>— Perchè no? — Guizzi quasi quasi.... Ma Bonariva scoteva il capo.</p>
                    <p>— Costa? — domandò Sandri.</p>
                    <p>— Ottanta lire!</p>
                    <p>— Ahi!</p>
                    <p>— Un calamaio?... un portafogli?... un fermacarte? un portabiglietti?</p>
                    <p>— Io torno alla mia prima idea — Sandri disse —: un bell'album con i nostri
                        ritratti....</p>
                    <p>— È pericoloso! Potrebbe indur la sposa in tentazione — fece Bonariva, mentre
                        Guizzi, per gusto suo, maneggiava e considerava un bastone dal pomo
                        cesellato, e diceva:</p>
                    <p>— Vuoi che non l'abbiano un album?</p>
                    <p>— Eppoi, io non l'ho neanche il ritratto! — aggiunse Bonariva. Quand'ecco, a
                        sollevare o a distrarre la pazienza del commesso, entrò una signora. I tre
                        rimasero così a guardarsi in viso, con un'aria di tacito e vicendevole
                        rimprovero; finchè uno chiese a un secondo giovane del negozio:</p>
                    <p>— Cos'è quell'affare là, di vetro?</p>
                    <p>— Un portafiori in cristallo di Boemia: stupendo! Se vuole....</p>
                    <p>— No, no! È troppo bello!</p>
                    <p>Guizzi adesso mormorava:</p>
                    <p>— Non abbiamo pensato a un ventaglio.... — Quasi a sì bella idea fosse
                        possibile il consenso degli amici!</p>
                    <p>— Ohibò!...</p>
                    <p>— Si regalano alle signore che non si maritano, i ventagli!</p>
                    <p>— Dunque?</p>
                    <p>Parlava il giovine:</p>
                    <p>— Scusino.... Vogliono fare un dono cumulativo?</p>
                    <p>— Cioè?</p>
                    <p>Ah, l'aveva avuta lui l'idea buona!</p>
                    <p>— Dodici posate d'argento Christofle...?</p>
                    <p>— Troppo, troppo!</p>
                    <p>— Sei, allora....</p>
                    <p>— Poco: troppo poco!</p>
                    <p>— Poi le avranno già le posate! — Sandri ripeteva.</p>
                    <p>Proseguiva il commesso:</p>
                    <p>— Oggetti di <seg rend="italic">toilette</seg>? Candelabri?...</p>
                    <p>— Un lume! — esclamò Bonariva alla fine, contento. Se non che Guizzi si mise
                        a ridere.</p>
                    <p>— Un lume! Gli amici che mandano il lume! — E al commesso che proponeva: — Un
                        orologio? una <seg rend="italic">sveglia</seg>? —, rispose: — Da <seg
                            rend="italic">sveglia</seg> farà la sposa: non dubiti!</p>
                    <p>Così fu eccitato il riso anche in Bonariva, che quando cominciava non la
                        smetteva più. Disse Bonariva:</p>
                    <p>— Prendiamo un organetto, o un'armonica per calmare la signora dopo la luna
                        di miele!</p>
                    <p>A che Guizzi:</p>
                    <p>— Sarebbe meglio un revolver!</p>
                    <p>Ma Sandri, avendo moglie, ammonì con un'occhiata i colleghi ad essere seri.
                        Anche, li rimproverò:</p>
                    <p>— Se aveste dato retta a me e avessimo chiesto allo sposo che cosa
                        gradirebbe....</p>
                    <p>Perchè non sapevano proprio che cosa scegliere.</p>
                </div>
                <div type="chapter">
                    <head>IV.</head>
                    <p>Impazienza, ira e litigi promuovono le piccole sventure; non le grandi, le
                        quali abbattono quanti ne sono colpiti in un pietoso filantropico
                        accordo.</p>
                    <p>— Che volete farci? — mormorava la signora Clotilde dinanzi al terzo
                        «servizio da caffè» e alla muta desolazione dei fidanzati. — Buon viso a
                        cattiva fortuna, figlioli!</p>
                    <p>Disse finalmente Gustavo:</p>
                    <p>— Dimani bisognerà ridere; ingoiare la rabbia; fingere che niente sia; se no,
                        ci metteranno su le ventole!</p>
                    <p>— Sarà bene avvertirli prima, gl'invitati, perchè si meraviglino meno — disse
                        la Gigia, finalmente.</p>
                    <p>Non era possibile, infatti, nascondere i due primi servizi, il donatore e la
                        donatrice essendo invitati alla colazione; e non volendosi sottrarre il
                        terzo, quello dei colleghi, che appariva, al confronto, magnifico. Per
                        suprema ironia era magnifico!</p>
                    <p>Nè il domani mattina alla funzione nuziale, in chiesa prima e dopo al
                        municipio, fu alcuno che al vedere la sposa un po' turbata, un po' troppo
                        smorta, non ne ammirasse la commozione del solenne ufficio che si compieva,
                        il verginale panico per il solenne sacrificio a cui era condotta, il trepido
                        cuore per l'amore che la beava: nessuno ci fu che pensasse a un estraneo
                        disturbo di tanta felicità. La poverina aveva, insistente, la visione d'un
                        collegio di chicchere vigilate da matrone, che erano le caffettiere e le
                        zuccheriere. Quanto allo sposo, avanti di arrivare a casa, rivelò a un
                        testimonio una sola causa di cruccio: l'ingratitudine del conte.</p>
                    <p>— Nemmeno un biglietto! E son dieci anni che lavoro per lui senza aumento di
                        stipendio!</p>
                    <p>— Pensate — aggiungeva — che ogni volta che capitava in ufficio era sempre lì
                        a dirmi: «Terpallino.... Gustavino....: quando la facciamo la
                        corbelleria?»</p>
                    <p>— Dov'è adesso? — chiese uno.</p>
                    <p>— A Firenze col maestro di casa, che mi promise di rinfrescargli la
                        memoria.... Ma sì!...</p>
                    <p>Esclamò uno dei testimoni, che era socialista: — Tutti uguali i nobili! —
                        L'altro, moderato, tacque.</p>
                    <p>Avanti d'entrare in casa, Terpalli s'arrestò dicendo:</p>
                    <p>— Ora vedrete i tre «servizi»!</p>
                    <p>Tanta serenità e disinvoltura indussero tutti a ridere: anche la sposa e la
                        mamma; anche gli invitati che attendevano, e quelli che sopraggiunsero;
                        toltane, s'intende, la vecchia amica signora Tecla, a cui il suo servizio
                        sembrava il più brutto dei tre, e s'arrovellava a valutare gli altri
                        due.</p>
                    <p>— Che caso! — Oh che caso!</p>
                    <p>— Sono casi però che fanno rabbia — disse lo zio materno.</p>
                    <p>— Son brutti scherzi del destino! — esclamò un secondo. — Una cosa che non si
                        crederebbe! — borbottava un terzo; di guisa che l'ilarità diveniva compianto
                        sincero nell'attesa della colazione.</p>
                    <p>— A tavola! a tavola! — chiamò la mamma.</p>
                    <p>— Chi manca?</p>
                    <p>Mancava lo zio di Gustavo. Ma lindo, nitido, sorridente, senza peli, con una
                        impressione di maschera benevola su la faccia tonda, eccolo, lo zio
                        Tarabusi.</p>
                    <p>— Fortunato!... felice!... Stieno comodi — rispondeva alle presentazioni,
                        dopo aver baciata su la fronte la sposa, la «cara figliola» — Oh caro: oh!
                        carissimo! — diceva a quelli che conosceva. — Tanto, tanto piacere! —
                        ripeteva alle nuove conoscenze.... Finchè diede una sbirciatina alla tavola
                        dei regali. — To'! quante chicchere! Pare un reggimento di fanteria....</p>
                    <p>— Eh, zio: che ne dice? — Raccontavano la storia.</p>
                    <p>— Oh bella! bellissima!... Ma se io avessi potuto prevedere.... Oh senti —
                        aggiunse con quella sua bocca melliflua, traendo a sè lo sposo. Quindi a
                        bassa voce: — Sai? debbo partire...: alle dieci e trenta per Modena....</p>
                    <p>— Come?</p>
                    <p>Più piano:</p>
                    <p>— Eh!... Bella figura m'hai fatta fare!...</p>
                    <p>— Ma..., zio....</p>
                    <p>— Dovevi avvertirmi...; tuo dovere.... I confronti sono odiosi.</p>
                    <p>— Creda....</p>
                    <p>— Dovevi avvertirmi!</p>
                    <p>Ogni preghiera fu inutile. Tornò mellifluo tra gli altri.</p>
                    <p>— Dicevo qui, a Gustavo, che non posso trattenermi.... Mi scusino.... Debbo
                        partire.... per Modena: alle dieci e trenta. Mi scuseranno tutti questi
                        signori....</p>
                    <p>— Rimanga, zio!</p>
                    <p>— Resti, signor Tarabusi!</p>
                    <p>— Diavolo!..., signor Tarabusi!</p>
                    <p>.... — Non posso, davvero.... Sposina, i miei auguri!</p>
                    <p>— Due confetti, zio....</p>
                    <p>— Grazie....</p>
                    <p>— Il caffè, zio? Un goccio di caffè, almeno...? Offrire il caffè a lui (in
                        quale delle chicchere?) sarebbe stato un grave insulto, se lo zio non avesse
                        compatito il nipote come uno che avendo preso moglie aveva perduta la testa,
                        e se Gustavo non si fosse corretto subito:</p>
                    <p>— Un <seg rend="italic">cognac</seg>, almeno...?</p>
                    <p>— Bevo di rado <seg rend="italic">cognac</seg>... Grazie.... Un'altra volta,
                        caro. Addio! riverisco! addio! Stiano bene.... tutti! — E con un nuovo
                        inchino e un: — Evviva gli sposi! — quel Tarabusi se ne andò.</p>
                    <p>.... La colazione nondimeno procedè benissimo. Vini e liquori dissiparono
                        ogni ombra dall'anima della sposa, rapirono allo sposo il ricordo dello zio
                        e dell'ingrato conte; avvivaron giocondità e malizia nelle giovani donne;
                        suggerirono motti agli uomini, e bei racconti. Quando, d'improvviso, squillò
                        il campanello. Chi mai?</p>
                    <p>Alla Gigia era sobbalzato il cuore. E Gustavo correva alla porta
                        gridando:</p>
                    <p>— Il conte! — Un telegramma forse?..., o il regalo?... — Il conte!... — Il
                        conte.... senza dubbio!</p>
                    <p>— Oooh!... — fecero tutti, vòlti al facchino dell'agenzia che veniva a
                        deporre una cassetta.</p>
                    <p>— Viva il conte! — Su la cassetta era scritto <seg rend="italic"
                            >fragile</seg>; la sposa vi teneva lo sguardo smorto.</p>
                    <p>— Presto! un martello, un coltello! — Con una lama da interporre alle
                        assicelle del coperchio Gustavo tornò dalla cucina; mentre il testimone
                        socialista gridava:</p>
                    <p>— Il primo aristocratico galantuomo che conosco!</p>
                    <p>— Oh ce ne sono! — ribatteva il testimone moderato. — E di cuore!</p>
                    <p>— Se vuol bene a Gustavo, Gustavo se lo merita: ecco tutto! — osservava un
                        altro.</p>
                    <p>— Non dico; ma....</p>
                    <p>— Viva il conte! Viva il conte!</p>
                    <p><seg rend="italic">Crac</seg> fece l'assicella allo sforzo di Gustavo. Allora
                        tutti tacquero, ansiosi, nell'attesa che la cassa fosse aperta interamente.
                        Ma perchè la cugina aveva scambiato uno sguardo d'intelligenza col
                        socialista, quasi a un vicendevole ridevole dubbio? Perchè lo zio paterno
                        tabaccava adagio, quasi a togliersi d'imbarazzo? Perchè il testimonio
                        moderato fumava in fretta guatando alle donne; e la mamma e l'amica Tecla
                        tenevan gli occhi su la sposa come temessero d'uno svenimento? Quale idea
                        uscita di mente alla sposa o dalla cassetta, e venuta in mente a tutti,
                        accresceva l'ansia e dipingeva nel viso di chi più avrebbe dovuto esser
                        felice il terrore d'un malefizio, e accendeva negli occhi degli altri una
                        perfida speranza di lunghe risa? Gravava un destino assurdo o tremendo su
                        quella cassa, su quelle anime?...</p>
                    <p>Lo sposo — <seg rend="italic">crac</seg> — con l'angustia di quando, ancora
                        in preda a un sogno funesto, si ricorre, nel destarsi, alla vita, sollevò
                        del tutto il coperchio....</p>
                </div>
            </div>
        </body>
    </text>
</TEI>
