<?xml version="1.0" encoding="UTF-8"?>
<?xml-model href="http://www.tei-c.org/release/xml/tei/custom/schema/relaxng/tei_all.rng" type="application/xml" schematypens="http://relaxng.org/ns/structure/1.0"?>
<?xml-model href="http://www.tei-c.org/release/xml/tei/custom/schema/relaxng/tei_all.rng" type="application/xml"
	schematypens="http://purl.oclc.org/dsdl/schematron"?>
<TEI xmlns="http://www.tei-c.org/ns/1.0">
	<teiHeader>
		<fileDesc>
			<titleStmt>
				<title>Keywords for the collection of 19th Century Portuguese Novels (1840-1910)</title>
				<principal xml:id="uhk">Ulrike Henny-Krahmer</principal>
			</titleStmt>
			<publicationStmt>
				<publisher>
					<ref target="http://cligs.hypotheses.org/">CLiGS</ref>
				</publisher>
				<availability status="free">
					<licence target="https://creativecommons.org/licenses/by-sa/4.0/">CC BY-SA
						4.0</licence>
				</availability>
				<date>2018</date>
			</publicationStmt>
			<sourceDesc>
				<p>born digital</p>
			</sourceDesc>
		</fileDesc>
		<encodingDesc>
			<classDecl>
				<taxonomy xml:id="keywords">
					<!-- ### author ### -->
					<category xml:id="author">
						<catDesc>author</catDesc>
						<category xml:id="author.continent">
							<catDesc>author.continent</catDesc>
							<category xml:id="author.continent_1">
								<catDesc>Europe</catDesc>
							</category>
						</category>
						<category xml:id="author.country">
							<catDesc>author.country</catDesc>
							<category xml:id="author.country_1">
								<catDesc>Portugal</catDesc>
							</category>
						</category>
						<category xml:id="author.gender">
							<catDesc>author.gender</catDesc>
							<category xml:id="author.gender_1">
								<catDesc>male</catDesc>
							</category>
							<category xml:id="author.gender_2">
								<catDesc>female</catDesc>
							</category>
						</category>
					</category>
					<!-- ### text ### -->
					<category xml:id="text">
						<catDesc>text</catDesc>
						<category xml:id="text.language">
							<catDesc>text.language</catDesc>
							<category xml:id="text.language_1">
								<catDesc>Portuguese</catDesc>
							</category>
						</category>
						<category xml:id="text.form">
							<catDesc>text.form</catDesc>
							<category xml:id="text.form_1">
								<catDesc>prose</catDesc>
							</category>
							<category xml:id="text.form_2">
								<catDesc>verse</catDesc>
							</category>
							<category xml:id="text.form_3">
								<catDesc>dialogue</catDesc>
							</category>
							<category xml:id="text.form_4">
								<catDesc>mixed</catDesc>
							</category>
							<category xml:id="text.form_5">
								<catDesc>epistolar</catDesc>
							</category>
						</category>
						<!-- ### genre ### -->
						<category xml:id="text.genre">
							<catDesc>text.genre</catDesc>
							<category xml:id="text.genre_1">
								<catDesc>novel</catDesc>
							</category>
							<category xml:id="text.genre.supergenre">
								<catDesc>text.genre.supergenre</catDesc>
								<category xml:id="text.genre.supergenre_1">
									<catDesc>narrative</catDesc>
								</category>
							</category>
							<category xml:id="text.genre.subgenre">
								<catDesc>text.genre.subgenre</catDesc>
								<category xml:id="text.genre.subgenre_8">
									<catDesc>autobiographical</catDesc>
								</category>
								<category xml:id="text.genre.subgenre_7">
									<catDesc>crime</catDesc>
								</category>
								<category xml:id="text.genre.subgenre_0">
									<catDesc>expressionistic</catDesc>
								</category>
								<category xml:id="text.genre.subgenre_1">
									<catDesc>historical</catDesc>
								</category>
								<category xml:id="text.genre.subgenre_2">
									<catDesc>naturalistic</catDesc>
								</category>
								<category xml:id="text.genre.subgenre_9">
									<catDesc>political</catDesc>
								</category>
								<category xml:id="text.genre.subgenre_3">
									<catDesc>realist</catDesc>
								</category>
								<category xml:id="text.genre.subgenre_10">
									<catDesc>satire</catDesc>
								</category>
								<category xml:id="text.genre.subgenre_4">
									<catDesc>sentimental</catDesc>
								</category>
								<category xml:id="text.genre.subgenre_5">
									<catDesc>social</catDesc>
								</category>
								<category xml:id="text.genre.subgenre_6">
									<catDesc>travel</catDesc>
								</category>
								<category xml:id="text.genre.subgenre.title">
									<catDesc>text.genre.subgenre.title</catDesc>
									<!-- open category -->
								</category>
							</category>
						</category>
						<!-- ### narration ### -->
						<category xml:id="text.narration">
							<catDesc>text.narration</catDesc>
							<category xml:id="text.narration.narrator">
								<catDesc>text.narration.narrator</catDesc>
								<category xml:id="text.narration.narrator_1">
									<catDesc>heterodiegetic</catDesc>
								</category>
								<category xml:id="text.narration.narrator_2">
									<catDesc>homodiegetic</catDesc>
								</category>
								<category xml:id="text.narration.narrator_3">
									<catDesc>autodiegetic</catDesc>
								</category>
								<category xml:id="text.narration.narrator_4">
									<catDesc>mixed</catDesc>
								</category>
							</category>
						</category>
					</category>
				</taxonomy>
			</classDecl>
		</encodingDesc>
	</teiHeader>
	<text>
		<body>
			<p/>
		</body>
	</text>
</TEI>
